id,fdc_id,nutrient_id,amount,data_points,derivation_id,min,max,median,footnote,min_year_acquired
34156829,2705702,1003,5.65,,,,,,,
34156830,2705702,1004,23.9,,,,,,,
34156831,2705702,1005,29.4,,,,,,,
34156832,2705702,1008,353,,,,,,,
34162874,2705795,1003,12.5,,,,,,,
34162875,2705795,1004,13.3,,,,,,,
34162876,2705795,1005,31.9,,,,,,,
34162877,2705795,1008,297,,,,,,,
34162939,2705796,1003,13.6,,,,,,,
34162940,2705796,1004,13.5,,,,,,,
34162941,2705796,1005,29.7,,,,,,,
34162942,2705796,1008,295,,,,,,,
34163004,2705797,1003,15.1,,,,,,,
34163005,2705797,1004,16.1,,,,,,,
34163006,2705797,1005,30,,,,,,,
34163007,2705797,1008,325,,,,,,,
34163069,2705798,1003,16.3,,,,,,,
34163070,2705798,1004,16.3,,,,,,,
34163071,2705798,1005,27.7,,,,,,,
34163072,2705798,1008,323,,,,,,,
34163199,2705800,1003,14,,,,,,,
34163200,2705800,1004,8.14,,,,,,,
34163201,2705800,1005,31.1,,,,,,,
34163202,2705800,1008,254,,,,,,,
34167879,2705872,1003,18.4,,,,,,,
34167880,2705872,1004,9.04,,,,,,,
34167881,2705872,1005,7.82,,,,,,,
34167882,2705872,1008,190,,,,,,,
34200314,2706371,1003,18.5,,,,,,,
34200315,2706371,1004,6,,,,,,,
34200316,2706371,1005,4.19,,,,,,,
34200317,2706371,1008,148,,,,,,,
34200379,2706372,1003,10.8,,,,,,,
34200380,2706372,1004,6.62,,,,,,,
34200381,2706372,1005,2.52,,,,,,,
34200382,2706372,1008,115,,,,,,,
34200704,2706377,1003,13.3,,,,,,,
34200705,2706377,1004,8.22,,,,,,,
34200706,2706377,1005,2.41,,,,,,,
34200707,2706377,1008,139,,,,,,,
34200769,2706378,1003,12.1,,,,,,,
34200770,2706378,1004,7.63,,,,,,,
34200771,2706378,1005,5.48,,,,,,,
34200772,2706378,1008,140,,,,,,,
34200834,2706379,1003,21.6,,,,,,,
34200835,2706379,1004,7.05,,,,,,,
34200836,2706379,1005,1.58,,,,,,,
34200837,2706379,1008,156,,,,,,,
34201029,2706382,1003,10.1,,,,,,,
34201030,2706382,1004,9.33,,,,,,,
34201031,2706382,1005,6.21,,,,,,,
34201032,2706382,1008,150,,,,,,,
34201354,2706387,1003,28.9,,,,,,,
34201355,2706387,1004,8.25,,,,,,,
34201356,2706387,1005,1.94,,,,,,,
34201357,2706387,1008,198,,,,,,,
34201419,2706388,1003,7.57,,,,,,,
34201420,2706388,1004,6.57,,,,,,,
34201421,2706388,1005,6.53,,,,,,,
34201422,2706388,1008,113,,,,,,,
34201484,2706389,1003,5.61,,,,,,,
34201485,2706389,1004,4.05,,,,,,,
34201486,2706389,1005,15.1,,,,,,,
34201487,2706389,1008,119,,,,,,,
34201809,2706394,1003,17.4,,,,,,,
34201810,2706394,1004,15.6,,,,,,,
34201811,2706394,1005,0.34,,,,,,,
34201812,2706394,1008,216,,,,,,,
34202329,2706402,1003,7.62,,,,,,,
34202330,2706402,1004,8.85,,,,,,,
34202331,2706402,1005,5.19,,,,,,,
34202332,2706402,1008,131,,,,,,,
34202589,2706406,1003,6.78,,,,,,,
34202590,2706406,1004,13.6,,,,,,,
34202591,2706406,1005,7.65,,,,,,,
34202592,2706406,1008,180,,,,,,,
34202654,2706407,1003,10.3,,,,,,,
34202655,2706407,1004,7.09,,,,,,,
34202656,2706407,1005,2.52,,,,,,,
34202657,2706407,1008,118,,,,,,,
34203174,2706415,1003,18.7,,,,,,,
34203175,2706415,1004,17.5,,,,,,,
34203176,2706415,1005,1.47,,,,,,,
34203177,2706415,1008,241,,,,,,,
34203239,2706416,1003,17.8,,,,,,,
34203240,2706416,1004,8.54,,,,,,,
34203241,2706416,1005,6.74,,,,,,,
34203242,2706416,1008,175,,,,,,,
34203304,2706417,1003,15.3,,,,,,,
34203305,2706417,1004,11.9,,,,,,,
34203306,2706417,1005,8.33,,,,,,,
34203307,2706417,1008,204,,,,,,,
34203369,2706418,1003,23.7,,,,,,,
34203370,2706418,1004,9.69,,,,,,,
34203371,2706418,1005,9.34,,,,,,,
34203372,2706418,1008,219,,,,,,,
34203564,2706421,1003,13.2,,,,,,,
34203565,2706421,1004,10.6,,,,,,,
34203566,2706421,1005,6.92,,,,,,,
34203567,2706421,1008,174,,,,,,,
34203824,2706425,1003,10.2,,,,,,,
34203825,2706425,1004,2.08,,,,,,,
34203826,2706425,1005,10.2,,,,,,,
34203827,2706425,1008,99,,,,,,,
34203889,2706426,1003,14.1,,,,,,,
34203890,2706426,1004,3.71,,,,,,,
34203891,2706426,1005,2.41,,,,,,,
34203892,2706426,1008,100,,,,,,,
34203954,2706427,1003,9.92,,,,,,,
34203955,2706427,1004,1.91,,,,,,,
34203956,2706427,1005,9.68,,,,,,,
34203957,2706427,1008,95,,,,,,,
34204019,2706428,1003,18.9,,,,,,,
34204020,2706428,1004,5.21,,,,,,,
34204021,2706428,1005,1.58,,,,,,,
34204022,2706428,1008,129,,,,,,,
34204084,2706429,1003,10.7,,,,,,,
34204085,2706429,1004,7.16,,,,,,,
34204086,2706429,1005,3.54,,,,,,,
34204087,2706429,1008,121,,,,,,,
34204149,2706430,1003,20.5,,,,,,,
34204150,2706430,1004,3.46,,,,,,,
34204151,2706430,1005,1.58,,,,,,,
34204152,2706430,1008,125,,,,,,,
34204409,2706434,1003,19,,,,,,,
34204410,2706434,1004,4.64,,,,,,,
34204411,2706434,1005,12.2,,,,,,,
34204412,2706434,1008,167,,,,,,,
34204604,2706437,1003,6.48,,,,,,,
34204605,2706437,1004,6.48,,,,,,,
34204606,2706437,1005,6.54,,,,,,,
34204607,2706437,1008,107,,,,,,,
34204669,2706438,1003,4.96,,,,,,,
34204670,2706438,1004,4,,,,,,,
34204671,2706438,1005,15.1,,,,,,,
34204672,2706438,1008,116,,,,,,,
34204734,2706439,1003,19,,,,,,,
34204735,2706439,1004,5.58,,,,,,,
34204736,2706439,1005,3.22,,,,,,,
34204737,2706439,1008,137,,,,,,,
34204864,2706441,1003,22.6,,,,,,,
34204865,2706441,1004,9.17,,,,,,,
34204866,2706441,1005,9.29,,,,,,,
34204867,2706441,1008,210,,,,,,,
34204929,2706442,1003,16.2,,,,,,,
34204930,2706442,1004,8.34,,,,,,,
34204931,2706442,1005,8.3,,,,,,,
34204932,2706442,1008,174,,,,,,,
34204994,2706443,1003,14.5,,,,,,,
34204995,2706443,1004,12.7,,,,,,,
34204996,2706443,1005,22.5,,,,,,,
34204997,2706443,1008,262,,,,,,,
34205059,2706444,1003,14.3,,,,,,,
34205060,2706444,1004,14.2,,,,,,,
34205061,2706444,1005,26.9,,,,,,,
34205062,2706444,1008,293,,,,,,,
34205124,2706445,1003,21.3,,,,,,,
34205125,2706445,1004,19.2,,,,,,,
34205126,2706445,1005,5.45,,,,,,,
34205127,2706445,1008,280,,,,,,,
34206099,2706460,1003,4.94,,,,,,,
34206100,2706460,1004,5.42,,,,,,,
34206101,2706460,1005,6.65,,,,,,,
34206102,2706460,1008,93,,,,,,,
34206229,2706462,1003,21.6,,,,,,,
34206230,2706462,1004,1.56,,,,,,,
34206231,2706462,1005,3.34,,,,,,,
34206232,2706462,1008,120,,,,,,,
34206294,2706463,1003,10.5,,,,,,,
34206295,2706463,1004,0.76,,,,,,,
34206296,2706463,1005,3.58,,,,,,,
34206297,2706463,1008,63,,,,,,,
34206489,2706466,1003,7.63,,,,,,,
34206490,2706466,1004,0.42,,,,,,,
34206491,2706466,1005,2.75,,,,,,,
34206492,2706466,1008,46,,,,,,,
34207139,2706476,1003,13.2,,,,,,,
34207140,2706476,1004,5.1,,,,,,,
34207141,2706476,1005,10.7,,,,,,,
34207142,2706476,1008,140,,,,,,,
34207204,2706477,1003,8.73,,,,,,,
34207205,2706477,1004,10.2,,,,,,,
34207206,2706477,1005,9.27,,,,,,,
34207207,2706477,1008,164,,,,,,,
34207594,2706483,1003,8.99,,,,,,,
34207595,2706483,1004,3.65,,,,,,,
34207596,2706483,1005,14.4,,,,,,,
34207597,2706483,1008,126,,,,,,,
34208049,2706490,1003,8.5,,,,,,,
34208050,2706490,1004,6.79,,,,,,,
34208051,2706490,1005,12.2,,,,,,,
34208052,2706490,1008,145,,,,,,,
34208764,2706501,1003,19.2,,,,,,,
34208765,2706501,1004,27.4,,,,,,,
34208766,2706501,1005,10.2,,,,,,,
34208767,2706501,1008,368,,,,,,,
34208829,2706502,1003,8.73,,,,,,,
34208830,2706502,1004,10.2,,,,,,,
34208831,2706502,1005,9.27,,,,,,,
34208832,2706502,1008,164,,,,,,,
34209219,2706508,1003,18,,,,,,,
34209220,2706508,1004,20.7,,,,,,,
34209221,2706508,1005,2.6,,,,,,,
34209222,2706508,1008,273,,,,,,,
34209934,2706519,1003,8.35,,,,,,,
34209935,2706519,1004,5.42,,,,,,,
34209936,2706519,1005,6.29,,,,,,,
34209937,2706519,1008,109,,,,,,,
34210064,2706521,1003,14,,,,,,,
34210065,2706521,1004,11.6,,,,,,,
34210066,2706521,1005,7.44,,,,,,,
34210067,2706521,1008,192,,,,,,,
34210454,2706527,1003,9.57,,,,,,,
34210455,2706527,1004,4.1,,,,,,,
34210456,2706527,1005,8.27,,,,,,,
34210457,2706527,1008,110,,,,,,,
34210909,2706534,1003,12,,,,,,,
34210910,2706534,1004,4.79,,,,,,,
34210911,2706534,1005,6.96,,,,,,,
34210912,2706534,1008,119,,,,,,,
34211169,2706538,1003,7.15,,,,,,,
34211170,2706538,1004,2.38,,,,,,,
34211171,2706538,1005,13.6,,,,,,,
34211172,2706538,1008,104,,,,,,,
34211559,2706544,1003,20,,,,,,,
34211560,2706544,1004,4.88,,,,,,,
34211561,2706544,1005,11.7,,,,,,,
34211562,2706544,1008,172,,,,,,,
34211689,2706546,1003,11.7,,,,,,,
34211690,2706546,1004,11.3,,,,,,,
34211691,2706546,1005,5.59,,,,,,,
34211692,2706546,1008,171,,,,,,,
34211884,2706549,1003,14.4,,,,,,,
34211885,2706549,1004,15,,,,,,,
34211886,2706549,1005,4.48,,,,,,,
34211887,2706549,1008,214,,,,,,,
34212014,2706551,1003,10.4,,,,,,,
34212015,2706551,1004,0.41,,,,,,,
34212016,2706551,1005,8.74,,,,,,,
34212017,2706551,1008,82,,,,,,,
34212859,2706564,1003,11.8,,,,,,,
34212860,2706564,1004,7.9,,,,,,,
34212861,2706564,1005,10.3,,,,,,,
34212862,2706564,1008,162,,,,,,,
34213054,2706567,1003,8.46,,,,,,,
34213055,2706567,1004,15.4,,,,,,,
34213056,2706567,1005,12,,,,,,,
34213057,2706567,1008,222,,,,,,,
34214614,2706591,1003,5,,,,,,,
34214615,2706591,1004,5.96,,,,,,,
34214616,2706591,1005,6.54,,,,,,,
34214617,2706591,1008,100,,,,,,,
34214679,2706592,1003,8.76,,,,,,,
34214680,2706592,1004,5.07,,,,,,,
34214681,2706592,1005,6.29,,,,,,,
34214682,2706592,1008,107,,,,,,,
34214809,2706594,1003,7.64,,,,,,,
34214810,2706594,1004,6.3,,,,,,,
34214811,2706594,1005,8.72,,,,,,,
34214812,2706594,1008,123,,,,,,,
34217149,2706630,1003,8.92,,,,,,,
34217150,2706630,1004,15.4,,,,,,,
34217151,2706630,1005,24,,,,,,,
34217152,2706630,1008,271,,,,,,,
34219099,2706660,1003,8.19,,,,,,,
34219100,2706660,1004,6.39,,,,,,,
34219101,2706660,1005,6.29,,,,,,,
34219102,2706660,1008,117,,,,,,,
34220204,2706677,1003,10.2,,,,,,,
34220205,2706677,1004,2.49,,,,,,,
34220206,2706677,1005,10.8,,,,,,,
34220207,2706677,1008,108,,,,,,,
34220269,2706678,1003,9.24,,,,,,,
34220270,2706678,1004,2.34,,,,,,,
34220271,2706678,1005,6.29,,,,,,,
34220272,2706678,1008,84,,,,,,,
34221894,2706703,1003,9.24,,,,,,,
34221895,2706703,1004,13.5,,,,,,,
34221896,2706703,1005,24,,,,,,,
34221897,2706703,1008,255,,,,,,,
34222414,2706711,1003,8.03,,,,,,,
34222415,2706711,1004,4.76,,,,,,,
34222416,2706711,1005,16.4,,,,,,,
34222417,2706711,1008,143,,,,,,,
34223779,2706732,1003,15.5,,,,,,,
34223780,2706732,1004,4.42,,,,,,,
34223781,2706732,1005,3.67,,,,,,,
34223782,2706732,1008,115,,,,,,,
34224299,2706740,1003,7.08,,,,,,,
34224300,2706740,1004,5.3,,,,,,,
34224301,2706740,1005,7.29,,,,,,,
34224302,2706740,1008,105,,,,,,,
34224364,2706741,1003,7.08,,,,,,,
34224365,2706741,1004,5.3,,,,,,,
34224366,2706741,1005,7.29,,,,,,,
34224367,2706741,1008,105,,,,,,,
34224494,2706743,1003,17.9,,,,,,,
34224495,2706743,1004,14.4,,,,,,,
34224496,2706743,1005,4.55,,,,,,,
34224497,2706743,1008,216,,,,,,,
34224754,2706747,1003,11.9,,,,,,,
34224755,2706747,1004,9.12,,,,,,,
34224756,2706747,1005,4.34,,,,,,,
34224757,2706747,1008,145,,,,,,,
34224884,2706749,1003,17.8,,,,,,,
34224885,2706749,1004,19.3,,,,,,,
34224886,2706749,1005,2.9,,,,,,,
34224887,2706749,1008,261,,,,,,,
34225339,2706756,1003,13.3,,,,,,,
34225340,2706756,1004,18.1,,,,,,,
34225341,2706756,1005,2.83,,,,,,,
34225342,2706756,1008,230,,,,,,,
34225794,2706763,1003,16.9,,,,,,,
34225795,2706763,1004,14.8,,,,,,,
34225796,2706763,1005,4.55,,,,,,,
34225797,2706763,1008,219,,,,,,,
34225989,2706766,1003,12.9,,,,,,,
34225990,2706766,1004,13.7,,,,,,,
34225991,2706766,1005,1.96,,,,,,,
34225992,2706766,1008,186,,,,,,,
34227484,2706789,1003,15.5,,,,,,,
34227485,2706789,1004,7.26,,,,,,,
34227486,2706789,1005,4.01,,,,,,,
34227487,2706789,1008,140,,,,,,,
34227874,2706795,1003,7.11,,,,,,,
34227875,2706795,1004,2.44,,,,,,,
34227876,2706795,1005,4.87,,,,,,,
34227877,2706795,1008,69,,,,,,,
34227939,2706796,1003,9.76,,,,,,,
34227940,2706796,1004,6.98,,,,,,,
34227941,2706796,1005,6.87,,,,,,,
34227942,2706796,1008,129,,,,,,,
34228004,2706797,1003,15.7,,,,,,,
34228005,2706797,1004,13.2,,,,,,,
34228006,2706797,1005,4.46,,,,,,,
34228007,2706797,1008,195,,,,,,,
34229759,2706824,1003,9.4,,,,,,,
34229760,2706824,1004,15.9,,,,,,,
34229761,2706824,1005,1.27,,,,,,,
34229762,2706824,1008,188,,,,,,,
34229824,2706825,1003,10.3,,,,,,,
34229825,2706825,1004,15.4,,,,,,,
34229826,2706825,1005,1.22,,,,,,,
34229827,2706825,1008,187,,,,,,,
34229889,2706826,1003,10.8,,,,,,,
34229890,2706826,1004,17.4,,,,,,,
34229891,2706826,1005,2.73,,,,,,,
34229892,2706826,1008,213,,,,,,,
34230604,2706837,1003,10.7,,,,,,,
34230605,2706837,1004,16.2,,,,,,,
34230606,2706837,1005,1.27,,,,,,,
34230607,2706837,1008,196,,,,,,,
34231449,2706850,1003,7.55,,,,,,,
34231450,2706850,1004,1.86,,,,,,,
34231451,2706850,1005,3.31,,,,,,,
34231452,2706850,1008,60,,,,,,,
34231904,2706857,1003,13.9,,,,,,,
34231905,2706857,1004,10.7,,,,,,,
34231906,2706857,1005,5.32,,,,,,,
34231907,2706857,1008,173,,,,,,,
34232944,2706873,1003,15.2,,,,,,,
34232945,2706873,1004,8.32,,,,,,,
34232946,2706873,1005,0,,,,,,,
34232947,2706873,1008,140,,,,,,,
34234049,2706890,1003,14,,,,,,,
34234050,2706890,1004,12.3,,,,,,,
34234051,2706890,1005,23.7,,,,,,,
34234052,2706890,1008,265,,,,,,,
34234179,2706892,1003,13.5,,,,,,,
34234180,2706892,1004,12.9,,,,,,,
34234181,2706892,1005,25.5,,,,,,,
34234182,2706892,1008,270,,,,,,,
34234309,2706894,1003,18.1,,,,,,,
34234310,2706894,1004,16.4,,,,,,,
34234311,2706894,1005,17.9,,,,,,,
34234312,2706894,1008,297,,,,,,,
34235674,2706915,1003,16.2,,,,,,,
34235675,2706915,1004,16.2,,,,,,,
34235676,2706915,1005,18,,,,,,,
34235677,2706915,1008,282,,,,,,,
34235739,2706916,1003,11.9,,,,,,,
34235740,2706916,1004,14.1,,,,,,,
34235741,2706916,1005,21.5,,,,,,,
34235742,2706916,1008,261,,,,,,,
34236129,2706922,1003,13.6,,,,,,,
34236130,2706922,1004,10.2,,,,,,,
34236131,2706922,1005,26,,,,,,,
34236132,2706922,1008,254,,,,,,,
34236194,2706923,1003,10.7,,,,,,,
34236195,2706923,1004,9.58,,,,,,,
34236196,2706923,1005,21.1,,,,,,,
34236197,2706923,1008,216,,,,,,,
34236259,2706924,1003,13.3,,,,,,,
34236260,2706924,1004,10.2,,,,,,,
34236261,2706924,1005,29.6,,,,,,,
34236262,2706924,1008,263,,,,,,,
34236389,2706926,1003,17.8,,,,,,,
34236390,2706926,1004,14.7,,,,,,,
34236391,2706926,1005,19.7,,,,,,,
34236392,2706926,1008,288,,,,,,,
34236714,2706931,1003,11.3,,,,,,,
34236715,2706931,1004,12.4,,,,,,,
34236716,2706931,1005,17.3,,,,,,,
34236717,2706931,1008,226,,,,,,,
34237624,2706945,1003,11.3,,,,,,,
34237625,2706945,1004,8.23,,,,,,,
34237626,2706945,1005,21.3,,,,,,,
34237627,2706945,1008,207,,,,,,,
34237689,2706946,1003,11.8,,,,,,,
34237690,2706946,1004,6.15,,,,,,,
34237691,2706946,1005,28.7,,,,,,,
34237692,2706946,1008,217,,,,,,,
34238079,2706952,1003,10,,,,,,,
34238080,2706952,1004,19.4,,,,,,,
34238081,2706952,1005,16.4,,,,,,,
34238082,2706952,1008,282,,,,,,,
34238404,2706957,1003,13.2,,,,,,,
34238405,2706957,1004,3.47,,,,,,,
34238406,2706957,1005,24.5,,,,,,,
34238407,2706957,1008,184,,,,,,,
34238534,2706959,1003,18.9,,,,,,,
34238535,2706959,1004,8.27,,,,,,,
34238536,2706959,1005,23.5,,,,,,,
34238537,2706959,1008,247,,,,,,,
34238729,2706962,1003,11.2,,,,,,,
34238730,2706962,1004,6.76,,,,,,,
34238731,2706962,1005,18.8,,,,,,,
34238732,2706962,1008,184,,,,,,,
34238859,2706964,1003,12.9,,,,,,,
34238860,2706964,1004,3.66,,,,,,,
34238861,2706964,1005,25.6,,,,,,,
34238862,2706964,1008,187,,,,,,,
34238989,2706966,1003,14,,,,,,,
34238990,2706966,1004,3.86,,,,,,,
34238991,2706966,1005,23.6,,,,,,,
34238992,2706966,1008,185,,,,,,,
34239249,2706970,1003,13.5,,,,,,,
34239250,2706970,1004,9.38,,,,,,,
34239251,2706970,1005,22.5,,,,,,,
34239252,2706970,1008,230,,,,,,,
34239444,2706973,1003,15.9,,,,,,,
34239445,2706973,1004,10.7,,,,,,,
34239446,2706973,1005,16.3,,,,,,,
34239447,2706973,1008,228,,,,,,,
34239509,2706974,1003,13.7,,,,,,,
34239510,2706974,1004,6.47,,,,,,,
34239511,2706974,1005,26.5,,,,,,,
34239512,2706974,1008,223,,,,,,,
34239704,2706977,1003,17.7,,,,,,,
34239705,2706977,1004,5.47,,,,,,,
34239706,2706977,1005,25.4,,,,,,,
34239707,2706977,1008,226,,,,,,,
34239769,2706978,1003,18.1,,,,,,,
34239770,2706978,1004,8.99,,,,,,,
34239771,2706978,1005,22.3,,,,,,,
34239772,2706978,1008,246,,,,,,,
34240354,2706987,1003,12.8,,,,,,,
34240355,2706987,1004,9.4,,,,,,,
34240356,2706987,1005,23.3,,,,,,,
34240357,2706987,1008,232,,,,,,,
34240549,2706990,1003,12.4,,,,,,,
34240550,2706990,1004,13.7,,,,,,,
34240551,2706990,1005,18.3,,,,,,,
34240552,2706990,1008,246,,,,,,,
34240614,2706991,1003,13.1,,,,,,,
34240615,2706991,1004,13.8,,,,,,,
34240616,2706991,1005,17.1,,,,,,,
34240617,2706991,1008,245,,,,,,,
34240679,2706992,1003,12.9,,,,,,,
34240680,2706992,1004,16.6,,,,,,,
34240681,2706992,1005,17,,,,,,,
34240682,2706992,1008,269,,,,,,,
34240744,2706993,1003,15.1,,,,,,,
34240745,2706993,1004,7.48,,,,,,,
34240746,2706993,1005,23.1,,,,,,,
34240747,2706993,1008,222,,,,,,,
34240874,2706995,1003,16,,,,,,,
34240875,2706995,1004,7.65,,,,,,,
34240876,2706995,1005,21.4,,,,,,,
34240877,2706995,1008,220,,,,,,,
34241264,2707001,1003,14.6,,,,,,,
34241265,2707001,1004,8.06,,,,,,,
34241266,2707001,1005,29.8,,,,,,,
34241267,2707001,1008,251,,,,,,,
34241329,2707002,1003,10.8,,,,,,,
34241330,2707002,1004,19.1,,,,,,,
34241331,2707002,1005,26.4,,,,,,,
34241332,2707002,1008,320,,,,,,,
34241394,2707003,1003,12.2,,,,,,,
34241395,2707003,1004,13.5,,,,,,,
34241396,2707003,1005,27.5,,,,,,,
34241397,2707003,1008,281,,,,,,,
34241719,2707008,1003,12.4,,,,,,,
34241720,2707008,1004,11.7,,,,,,,
34241721,2707008,1005,28.1,,,,,,,
34241722,2707008,1008,269,,,,,,,
34241849,2707010,1003,13.1,,,,,,,
34241850,2707010,1004,11.7,,,,,,,
34241851,2707010,1005,26.3,,,,,,,
34241852,2707010,1008,263,,,,,,,
34242629,2707022,1003,12.7,,,,,,,
34242630,2707022,1004,11.2,,,,,,,
34242631,2707022,1005,19.4,,,,,,,
34242632,2707022,1008,231,,,,,,,
34242694,2707023,1003,13.9,,,,,,,
34242695,2707023,1004,15.9,,,,,,,
34242696,2707023,1005,19.4,,,,,,,
34242697,2707023,1008,279,,,,,,,
34243214,2707031,1003,16.1,,,,,,,
34243215,2707031,1004,3.29,,,,,,,
34243216,2707031,1005,21.2,,,,,,,
34243217,2707031,1008,180,,,,,,,
34243279,2707032,1003,14.7,,,,,,,
34243280,2707032,1004,12.4,,,,,,,
34243281,2707032,1005,22.6,,,,,,,
34243282,2707032,1008,262,,,,,,,
34243344,2707033,1003,17.9,,,,,,,
34243345,2707033,1004,7.96,,,,,,,
34243346,2707033,1005,21.9,,,,,,,
34243347,2707033,1008,234,,,,,,,
34244059,2707044,1003,8.57,,,,,,,
34244060,2707044,1004,12,,,,,,,
34244061,2707044,1005,27,,,,,,,
34244062,2707044,1008,250,,,,,,,
34244124,2707045,1003,11.4,,,,,,,
34244125,2707045,1004,20.8,,,,,,,
34244126,2707045,1005,19.2,,,,,,,
34244127,2707045,1008,310,,,,,,,
34244319,2707048,1003,16.1,,,,,,,
34244320,2707048,1004,17.3,,,,,,,
34244321,2707048,1005,23.8,,,,,,,
34244322,2707048,1008,319,,,,,,,
34244644,2707053,1003,14.4,,,,,,,
34244645,2707053,1004,16.3,,,,,,,
34244646,2707053,1005,23.5,,,,,,,
34244647,2707053,1008,300,,,,,,,
34244774,2707055,1003,10,,,,,,,
34244775,2707055,1004,12.8,,,,,,,
34244776,2707055,1005,27.6,,,,,,,
34244777,2707055,1008,266,,,,,,,
34245164,2707061,1003,11.6,,,,,,,
34245165,2707061,1004,17.4,,,,,,,
34245166,2707061,1005,21.6,,,,,,,
34245167,2707061,1008,290,,,,,,,
34246269,2707078,1003,9.94,,,,,,,
34246270,2707078,1004,12,,,,,,,
34246271,2707078,1005,18.8,,,,,,,
34246272,2707078,1008,223,,,,,,,
34246334,2707079,1003,10.4,,,,,,,
34246335,2707079,1004,12,,,,,,,
34246336,2707079,1005,17.5,,,,,,,
34246337,2707079,1008,219,,,,,,,
34249194,2707123,1003,2.65,,,,,,,
34249195,2707123,1004,2.17,,,,,,,
34249196,2707123,1005,5.53,,,,,,,
34249197,2707123,1008,52,,,,,,,
34249259,2707124,1003,5.81,,,,,,,
34249260,2707124,1004,3.33,,,,,,,
34249261,2707124,1005,5.6,,,,,,,
34249262,2707124,1008,77,,,,,,,
34249324,2707125,1003,1.42,,,,,,,
34249325,2707125,1004,0.93,,,,,,,
34249326,2707125,1005,5.9,,,,,,,
34249327,2707125,1008,37,,,,,,,
34249389,2707126,1003,3.06,,,,,,,
34249390,2707126,1004,5.75,,,,,,,
34249391,2707126,1005,6.79,,,,,,,
34249392,2707126,1008,91,,,,,,,
34249584,2707129,1003,3.38,,,,,,,
34249585,2707129,1004,1.23,,,,,,,
34249586,2707129,1005,4.59,,,,,,,
34249587,2707129,1008,43,,,,,,,
34249714,2707131,1003,3.14,,,,,,,
34249715,2707131,1004,2.17,,,,,,,
34249716,2707131,1005,4.04,,,,,,,
34249717,2707131,1008,48,,,,,,,
34249779,2707132,1003,0.89,,,,,,,
34249780,2707132,1004,0.22,,,,,,,
34249781,2707132,1005,0.24,,,,,,,
34249782,2707132,1008,6,,,,,,,
34249909,2707134,1003,3.44,,,,,,,
34249910,2707134,1004,1.14,,,,,,,
34249911,2707134,1005,4.04,,,,,,,
34249912,2707134,1008,40,,,,,,,
34250039,2707136,1003,2.58,,,,,,,
34250040,2707136,1004,1.21,,,,,,,
34250041,2707136,1005,4.35,,,,,,,
34250042,2707136,1008,39,,,,,,,
34250104,2707137,1003,4,,,,,,,
34250105,2707137,1004,5.42,,,,,,,
34250106,2707137,1005,6.79,,,,,,,
34250107,2707137,1008,91,,,,,,,
34250299,2707140,1003,2.28,,,,,,,
34250300,2707140,1004,4.81,,,,,,,
34250301,2707140,1005,5.9,,,,,,,
34250302,2707140,1008,75,,,,,,,
34250364,2707141,1003,6.19,,,,,,,
34250365,2707141,1004,1.78,,,,,,,
34250366,2707141,1005,4.63,,,,,,,
34250367,2707141,1008,59,,,,,,,
34250429,2707142,1003,6.52,,,,,,,
34250430,2707142,1004,1.89,,,,,,,
34250431,2707142,1005,4.63,,,,,,,
34250432,2707142,1008,61,,,,,,,
34259529,2707282,1003,1.16,,,,,,,
34259530,2707282,1004,0.61,,,,,,,
34259531,2707282,1005,4.29,,,,,,,
34259532,2707282,1008,27,,,,,,,
34262519,2707328,1003,12,,,,,,,
34262520,2707328,1004,8.43,,,,,,,
34262521,2707328,1005,31.8,,,,,,,
34262522,2707328,1008,251,,,,,,,
34262909,2707334,1003,9.41,,,,,,,
34262910,2707334,1004,3.62,,,,,,,
34262911,2707334,1005,24.1,,,,,,,
34262912,2707334,1008,166,,,,,,,
34263169,2707338,1003,11.6,,,,,,,
34263170,2707338,1004,18.1,,,,,,,
34263171,2707338,1005,28.2,,,,,,,
34263172,2707338,1008,322,,,,,,,
34263494,2707343,1003,10.9,,,,,,,
34263495,2707343,1004,13.7,,,,,,,
34263496,2707343,1005,20.1,,,,,,,
34263497,2707343,1008,249,,,,,,,
34263689,2707346,1003,11.3,,,,,,,
34263690,2707346,1004,13.2,,,,,,,
34263691,2707346,1005,19.1,,,,,,,
34263692,2707346,1008,242,,,,,,,
34266874,2707395,1003,3.08,,,,,,,
34266875,2707395,1004,3.85,,,,,,,
34266876,2707395,1005,12.6,,,,,,,
34266877,2707395,1008,94,,,,,,,
34267719,2707408,1003,8.28,,,,,,,
34267720,2707408,1004,41.2,,,,,,,
34267721,2707408,1005,29,,,,,,,
34267722,2707408,1008,514,,,,,,,
34267784,2707409,1003,5.8,,,,,,,
34267785,2707409,1004,21.4,,,,,,,
34267786,2707409,1005,49.9,,,,,,,
34267787,2707409,1008,414,,,,,,,
34267914,2707411,1003,6.28,,,,,,,
34267915,2707411,1004,2.42,,,,,,,
34267916,2707411,1005,18.9,,,,,,,
34267917,2707411,1008,119,,,,,,,
34269214,2707431,1003,3.68,,,,,,,
34269215,2707431,1004,5.65,,,,,,,
34269216,2707431,1005,12.3,,,,,,,
34269217,2707431,1008,111,,,,,,,
34269279,2707432,1003,3.28,,,,,,,
34269280,2707432,1004,3.5,,,,,,,
34269281,2707432,1005,18.6,,,,,,,
34269282,2707432,1008,118,,,,,,,
34270644,2707453,1003,3.76,,,,,,,
34270645,2707453,1004,0.76,,,,,,,
34270646,2707453,1005,11.6,,,,,,,
34270647,2707453,1008,67,,,,,,,
34270709,2707454,1003,2.44,,,,,,,
34270710,2707454,1004,0.68,,,,,,,
34270711,2707454,1005,8.1,,,,,,,
34270712,2707454,1008,47,,,,,,,
34270774,2707455,1003,2.21,,,,,,,
34270775,2707455,1004,0.85,,,,,,,
34270776,2707455,1005,2.3,,,,,,,
34270777,2707455,1008,24,,,,,,,
34271034,2707459,1003,3.55,,,,,,,
34271035,2707459,1004,0.7,,,,,,,
34271036,2707459,1005,10.6,,,,,,,
34271037,2707459,1008,61,,,,,,,
34271229,2707462,1003,3.82,,,,,,,
34271230,2707462,1004,0.69,,,,,,,
34271231,2707462,1005,10.2,,,,,,,
34271232,2707462,1008,60,,,,,,,
34272074,2707475,1003,5.44,,,,,,,
34272075,2707475,1004,12.2,,,,,,,
34272076,2707475,1005,28,,,,,,,
34272077,2707475,1008,242,,,,,,,
34272399,2707480,1003,7.69,,,,,,,
34272400,2707480,1004,10,,,,,,,
34272401,2707480,1005,11.8,,,,,,,
34272402,2707480,1008,167,,,,,,,
34272464,2707481,1003,13,,,,,,,
34272465,2707481,1004,5.2,,,,,,,
34272466,2707481,1005,30.8,,,,,,,
34272467,2707481,1008,224,,,,,,,
34272594,2707483,1003,6.22,,,,,,,
34272595,2707483,1004,14.8,,,,,,,
34272596,2707483,1005,27,,,,,,,
34272597,2707483,1008,265,,,,,,,
34276754,2707547,1003,3.24,,,,,,,
34276755,2707547,1004,5.29,,,,,,,
34276756,2707547,1005,8.36,,,,,,,
34276757,2707547,1008,88,,,,,,,
34277989,2707566,1003,8.03,,,,,,,
34277990,2707566,1004,12.7,,,,,,,
34277991,2707566,1005,53.8,,,,,,,
34277992,2707566,1008,362,,,,,,,
34278054,2707567,1003,9.32,,,,,,,
34278055,2707567,1004,12.9,,,,,,,
34278056,2707567,1005,51.3,,,,,,,
34278057,2707567,1008,359,,,,,,,
34283579,2707652,1003,4.29,,,,,,,
34283580,2707652,1004,7.61,,,,,,,
34283581,2707652,1005,21.3,,,,,,,
34283582,2707652,1008,171,,,,,,,
34285854,2707687,1003,3.14,,,,,,,
34285855,2707687,1004,8.51,,,,,,,
34285856,2707687,1005,21.7,,,,,,,
34285857,2707687,1008,177,,,,,,,
34293979,2707812,1003,2.9,,,,,,,
34293980,2707812,1004,8.8,,,,,,,
34293981,2707812,1005,21.9,,,,,,,
34293982,2707812,1008,179,,,,,,,
34297879,2707872,1003,3.84,,,,,,,
34297880,2707872,1004,17,,,,,,,
34297881,2707872,1005,30,,,,,,,
34297882,2707872,1008,286,,,,,,,
34298529,2707882,1003,5,,,,,,,
34298530,2707882,1004,14,,,,,,,
34298531,2707882,1005,53.6,,,,,,,
34298532,2707882,1008,353,,,,,,,
34298789,2707886,1003,5.4,,,,,,,
34298790,2707886,1004,2.7,,,,,,,
34298791,2707886,1005,61,,,,,,,
34298792,2707886,1008,290,,,,,,,
34298919,2707888,1003,3.28,,,,,,,
34298920,2707888,1004,10.4,,,,,,,
34298921,2707888,1005,33.9,,,,,,,
34298922,2707888,1008,241,,,,,,,
34305874,2707995,1003,2.7,,,,,,,
34305875,2707995,1004,15.3,,,,,,,
34305876,2707995,1005,37.6,,,,,,,
34305877,2707995,1008,296,,,,,,,
34306004,2707997,1003,3.16,,,,,,,
34306005,2707997,1004,15.4,,,,,,,
34306006,2707997,1005,39.5,,,,,,,
34306007,2707997,1008,306,,,,,,,
34306134,2707999,1003,2.95,,,,,,,
34306135,2707999,1004,15.3,,,,,,,
34306136,2707999,1005,40.9,,,,,,,
34306137,2707999,1008,311,,,,,,,
34306199,2708000,1003,2.41,,,,,,,
34306200,2708000,1004,16.2,,,,,,,
34306201,2708000,1005,31.5,,,,,,,
34306202,2708000,1008,280,,,,,,,
34306329,2708002,1003,2.83,,,,,,,
34306330,2708002,1004,15.3,,,,,,,
34306331,2708002,1005,37.1,,,,,,,
34306332,2708002,1008,296,,,,,,,
34307174,2708015,1003,6.02,,,,,,,
34307175,2708015,1004,25.2,,,,,,,
34307176,2708015,1005,49.5,,,,,,,
34307177,2708015,1008,449,,,,,,,
34307304,2708017,1003,6.5,,,,,,,
34307305,2708017,1004,28.6,,,,,,,
34307306,2708017,1005,56.2,,,,,,,
34307307,2708017,1008,508,,,,,,,
34309059,2708044,1003,6.58,,,,,,,
34309060,2708044,1004,29.3,,,,,,,
34309061,2708044,1005,37.6,,,,,,,
34309062,2708044,1008,440,,,,,,,
34309124,2708045,1003,4.81,,,,,,,
34309125,2708045,1004,9.94,,,,,,,
34309126,2708045,1005,43.8,,,,,,,
34309127,2708045,1008,282,,,,,,,
34325959,2708304,1003,7.41,,,,,,,
34325960,2708304,1004,12.1,,,,,,,
34325961,2708304,1005,35.3,,,,,,,
34325962,2708304,1008,282,,,,,,,
34326089,2708306,1003,5.86,,,,,,,
34326090,2708306,1004,9.54,,,,,,,
34326091,2708306,1005,30.6,,,,,,,
34326092,2708306,1008,232,,,,,,,
34326154,2708307,1003,6.37,,,,,,,
34326155,2708307,1004,10.1,,,,,,,
34326156,2708307,1005,31,,,,,,,
34326157,2708307,1008,241,,,,,,,
34327324,2708325,1003,8.7,,,,,,,
34327325,2708325,1004,18.8,,,,,,,
34327326,2708325,1005,41.5,,,,,,,
34327327,2708325,1008,373,,,,,,,
34327389,2708326,1003,6.94,,,,,,,
34327390,2708326,1004,14.9,,,,,,,
34327391,2708326,1005,36.2,,,,,,,
34327392,2708326,1008,307,,,,,,,
34327454,2708327,1003,9.07,,,,,,,
34327455,2708327,1004,22.7,,,,,,,
34327456,2708327,1005,48.6,,,,,,,
34327457,2708327,1008,437,,,,,,,
34327519,2708328,1003,8.7,,,,,,,
34327520,2708328,1004,18.8,,,,,,,
34327521,2708328,1005,41.7,,,,,,,
34327522,2708328,1008,373,,,,,,,
34328429,2708342,1003,8.85,,,,,,,
34328430,2708342,1004,11.3,,,,,,,
34328431,2708342,1005,22,,,,,,,
34328432,2708342,1008,224,,,,,,,
34328494,2708343,1003,4.05,,,,,,,
34328495,2708343,1004,0.38,,,,,,,
34328496,2708343,1005,45.4,,,,,,,
34328497,2708343,1008,207,,,,,,,
34328689,2708346,1003,6.36,,,,,,,
34328690,2708346,1004,0.35,,,,,,,
34328691,2708346,1005,25,,,,,,,
34328692,2708346,1008,128,,,,,,,
34328754,2708347,1003,5.7,,,,,,,
34328755,2708347,1004,4.05,,,,,,,
34328756,2708347,1005,37,,,,,,,
34328757,2708347,1008,210,,,,,,,
34339024,2708505,1003,10.6,,,,,,,
34339025,2708505,1004,10.7,,,,,,,
34339026,2708505,1005,14.9,,,,,,,
34339027,2708505,1008,195,,,,,,,
34339089,2708506,1003,9.96,,,,,,,
34339090,2708506,1004,21,,,,,,,
34339091,2708506,1005,26.3,,,,,,,
34339092,2708506,1008,328,,,,,,,
34339154,2708507,1003,15.5,,,,,,,
34339155,2708507,1004,13.9,,,,,,,
34339156,2708507,1005,15.3,,,,,,,
34339157,2708507,1008,249,,,,,,,
34342989,2708566,1003,9.76,,,,,,,
34342990,2708566,1004,10.5,,,,,,,
34342991,2708566,1005,14.6,,,,,,,
34342992,2708566,1008,191,,,,,,,
34343054,2708567,1003,9.54,,,,,,,
34343055,2708567,1004,10.7,,,,,,,
34343056,2708567,1005,14.6,,,,,,,
34343057,2708567,1008,192,,,,,,,
34343314,2708571,1003,7.38,,,,,,,
34343315,2708571,1004,9.04,,,,,,,
34343316,2708571,1005,15.8,,,,,,,
34343317,2708571,1008,174,,,,,,,
34343379,2708572,1003,7.38,,,,,,,
34343380,2708572,1004,9.04,,,,,,,
34343381,2708572,1005,15.8,,,,,,,
34343382,2708572,1008,174,,,,,,,
34343444,2708573,1003,7.38,,,,,,,
34343445,2708573,1004,9.04,,,,,,,
34343446,2708573,1005,15.8,,,,,,,
34343447,2708573,1008,174,,,,,,,
34343509,2708574,1003,3.48,,,,,,,
34343510,2708574,1004,7.21,,,,,,,
34343511,2708574,1005,26.7,,,,,,,
34343512,2708574,1008,186,,,,,,,
34344224,2708585,1003,17,,,,,,,
34344225,2708585,1004,19.4,,,,,,,
34344226,2708585,1005,13.1,,,,,,,
34344227,2708585,1008,296,,,,,,,
34344354,2708587,1003,12.1,,,,,,,
34344355,2708587,1004,18.8,,,,,,,
34344356,2708587,1005,25.8,,,,,,,
34344357,2708587,1008,324,,,,,,,
34345004,2708597,1003,10.9,,,,,,,
34345005,2708597,1004,13.7,,,,,,,
34345006,2708597,1005,20.1,,,,,,,
34345007,2708597,1008,249,,,,,,,
34345264,2708601,1003,12.5,,,,,,,
34345265,2708601,1004,10.4,,,,,,,
34345266,2708601,1005,31.6,,,,,,,
34345267,2708601,1008,269,,,,,,,
34345329,2708602,1003,9.9,,,,,,,
34345330,2708602,1004,13.6,,,,,,,
34345331,2708602,1005,29.2,,,,,,,
34345332,2708602,1008,281,,,,,,,
34345459,2708604,1003,11.3,,,,,,,
34345460,2708604,1004,9.8,,,,,,,
34345461,2708604,1005,18,,,,,,,
34345462,2708604,1008,206,,,,,,,
34345589,2708606,1003,8.33,,,,,,,
34345590,2708606,1004,8.92,,,,,,,
34345591,2708606,1005,18.4,,,,,,,
34345592,2708606,1008,189,,,,,,,
34345849,2708610,1003,11.5,,,,,,,
34345850,2708610,1004,10.4,,,,,,,
34345851,2708610,1005,23,,,,,,,
34345852,2708610,1008,232,,,,,,,
34346369,2708618,1003,12.2,,,,,,,
34346370,2708618,1004,11.6,,,,,,,
34346371,2708618,1005,30,,,,,,,
34346372,2708618,1008,274,,,,,,,
34346629,2708622,1003,12.1,,,,,,,
34346630,2708622,1004,10.3,,,,,,,
34346631,2708622,1005,31.7,,,,,,,
34346632,2708622,1008,268,,,,,,,
34346694,2708623,1003,11.4,,,,,,,
34346695,2708623,1004,11,,,,,,,
34346696,2708623,1005,31.8,,,,,,,
34346697,2708623,1008,272,,,,,,,
34348904,2708657,1003,14.7,,,,,,,
34348905,2708657,1004,13.4,,,,,,,
34348906,2708657,1005,24.2,,,,,,,
34348907,2708657,1008,277,,,,,,,
34349034,2708659,1003,13.3,,,,,,,
34349035,2708659,1004,13,,,,,,,
34349036,2708659,1005,26.6,,,,,,,
34349037,2708659,1008,278,,,,,,,
34350009,2708674,1003,7.46,,,,,,,
34350010,2708674,1004,13.7,,,,,,,
34350011,2708674,1005,31,,,,,,,
34350012,2708674,1008,276,,,,,,,
34350074,2708675,1003,7.58,,,,,,,
34350075,2708675,1004,12.3,,,,,,,
34350076,2708675,1005,38.3,,,,,,,
34350077,2708675,1008,293,,,,,,,
34350139,2708676,1003,12.4,,,,,,,
34350140,2708676,1004,13.7,,,,,,,
34350141,2708676,1005,27.6,,,,,,,
34350142,2708676,1008,285,,,,,,,
34350204,2708677,1003,11.8,,,,,,,
34350205,2708677,1004,11.4,,,,,,,
34350206,2708677,1005,31.8,,,,,,,
34350207,2708677,1008,280,,,,,,,
34350659,2708684,1003,17.6,,,,,,,
34350660,2708684,1004,22.5,,,,,,,
34350661,2708684,1005,29.5,,,,,,,
34350662,2708684,1008,389,,,,,,,
34350724,2708685,1003,14.8,,,,,,,
34350725,2708685,1004,17.7,,,,,,,
34350726,2708685,1005,31.3,,,,,,,
34350727,2708685,1008,343,,,,,,,
34350789,2708686,1003,9.19,,,,,,,
34350790,2708686,1004,10.5,,,,,,,
34350791,2708686,1005,53.4,,,,,,,
34350792,2708686,1008,345,,,,,,,
34351699,2708700,1003,5.62,,,,,,,
34351700,2708700,1004,14.1,,,,,,,
34351701,2708700,1005,30,,,,,,,
34351702,2708700,1008,270,,,,,,,
34351764,2708701,1003,6.68,,,,,,,
34351765,2708701,1004,13.6,,,,,,,
34351766,2708701,1005,27.1,,,,,,,
34351767,2708701,1008,258,,,,,,,
34352349,2708710,1003,5.75,,,,,,,
34352350,2708710,1004,13.2,,,,,,,
34352351,2708710,1005,31.5,,,,,,,
34352352,2708710,1008,265,,,,,,,
34352414,2708711,1003,12.1,,,,,,,
34352415,2708711,1004,19.2,,,,,,,
34352416,2708711,1005,27.4,,,,,,,
34352417,2708711,1008,333,,,,,,,
34352544,2708713,1003,12.6,,,,,,,
34352545,2708713,1004,16.5,,,,,,,
34352546,2708713,1005,27.4,,,,,,,
34352547,2708713,1008,309,,,,,,,
34352934,2708719,1003,12.9,,,,,,,
34352935,2708719,1004,10.1,,,,,,,
34352936,2708719,1005,7.73,,,,,,,
34352937,2708719,1008,173,,,,,,,
34352999,2708720,1003,5.26,,,,,,,
34353000,2708720,1004,6.14,,,,,,,
34353001,2708720,1005,29.6,,,,,,,
34353002,2708720,1008,195,,,,,,,
34353064,2708721,1003,8.51,,,,,,,
34353065,2708721,1004,12,,,,,,,
34353066,2708721,1005,9.38,,,,,,,
34353067,2708721,1008,178,,,,,,,
34353129,2708722,1003,2.44,,,,,,,
34353130,2708722,1004,6.33,,,,,,,
34353131,2708722,1005,17.2,,,,,,,
34353132,2708722,1008,135,,,,,,,
34353194,2708723,1003,10.5,,,,,,,
34353195,2708723,1004,19.7,,,,,,,
34353196,2708723,1005,31.9,,,,,,,
34353197,2708723,1008,345,,,,,,,
34353259,2708724,1003,11.2,,,,,,,
34353260,2708724,1004,7.58,,,,,,,
34353261,2708724,1005,39.8,,,,,,,
34353262,2708724,1008,273,,,,,,,
34353324,2708725,1003,6.73,,,,,,,
34353325,2708725,1004,2.94,,,,,,,
34353326,2708725,1005,54.3,,,,,,,
34353327,2708725,1008,268,,,,,,,
34353584,2708729,1003,8.27,,,,,,,
34353585,2708729,1004,15.2,,,,,,,
34353586,2708729,1005,10.4,,,,,,,
34353587,2708729,1008,212,,,,,,,
34353649,2708730,1003,5.14,,,,,,,
34353650,2708730,1004,17.5,,,,,,,
34353651,2708730,1005,33.2,,,,,,,
34353652,2708730,1008,310,,,,,,,
34354364,2708741,1003,9.39,,,,,,,
34354365,2708741,1004,7.91,,,,,,,
34354366,2708741,1005,24.6,,,,,,,
34354367,2708741,1008,207,,,,,,,
34354559,2708744,1003,6.2,,,,,,,
34354560,2708744,1004,14.7,,,,,,,
34354561,2708744,1005,17,,,,,,,
34354562,2708744,1008,224,,,,,,,
34354624,2708745,1003,13.8,,,,,,,
34354625,2708745,1004,8.21,,,,,,,
34354626,2708745,1005,9.38,,,,,,,
34354627,2708745,1008,167,,,,,,,
34354949,2708750,1003,7.45,,,,,,,
34354950,2708750,1004,4.97,,,,,,,
34354951,2708750,1005,16.2,,,,,,,
34354952,2708750,1008,139,,,,,,,
34355014,2708751,1003,3.24,,,,,,,
34355015,2708751,1004,3.41,,,,,,,
34355016,2708751,1005,13.3,,,,,,,
34355017,2708751,1008,97,,,,,,,
34355079,2708752,1003,10.8,,,,,,,
34355080,2708752,1004,10.7,,,,,,,
34355081,2708752,1005,11.4,,,,,,,
34355082,2708752,1008,185,,,,,,,
34355144,2708753,1003,13.6,,,,,,,
34355145,2708753,1004,10.9,,,,,,,
34355146,2708753,1005,13.1,,,,,,,
34355147,2708753,1008,206,,,,,,,
34355209,2708754,1003,6.63,,,,,,,
34355210,2708754,1004,4.42,,,,,,,
34355211,2708754,1005,14.4,,,,,,,
34355212,2708754,1008,124,,,,,,,
34355274,2708755,1003,13.3,,,,,,,
34355275,2708755,1004,10.8,,,,,,,
34355276,2708755,1005,13.8,,,,,,,
34355277,2708755,1008,207,,,,,,,
34355339,2708756,1003,13.7,,,,,,,
34355340,2708756,1004,10.4,,,,,,,
34355341,2708756,1005,14,,,,,,,
34355342,2708756,1008,205,,,,,,,
34355469,2708758,1003,6.54,,,,,,,
34355470,2708758,1004,5.33,,,,,,,
34355471,2708758,1005,13.8,,,,,,,
34355472,2708758,1008,130,,,,,,,
34355534,2708759,1003,11.2,,,,,,,
34355535,2708759,1004,9.38,,,,,,,
34355536,2708759,1005,14.5,,,,,,,
34355537,2708759,1008,188,,,,,,,
34355794,2708763,1003,12.6,,,,,,,
34355795,2708763,1004,7.42,,,,,,,
34355796,2708763,1005,17.7,,,,,,,
34355797,2708763,1008,190,,,,,,,
34356054,2708767,1003,7.39,,,,,,,
34356055,2708767,1004,6.25,,,,,,,
34356056,2708767,1005,21.7,,,,,,,
34356057,2708767,1008,173,,,,,,,
34356574,2708775,1003,10.4,,,,,,,
34356575,2708775,1004,9.3,,,,,,,
34356576,2708775,1005,20.4,,,,,,,
34356577,2708775,1008,207,,,,,,,
34357549,2708790,1003,12.3,,,,,,,
34357550,2708790,1004,7.51,,,,,,,
34357551,2708790,1005,18,,,,,,,
34357552,2708790,1008,190,,,,,,,
34358134,2708799,1003,4.77,,,,,,,
34358135,2708799,1004,2.35,,,,,,,
34358136,2708799,1005,20.2,,,,,,,
34358137,2708799,1008,121,,,,,,,
34358199,2708800,1003,8.56,,,,,,,
34358200,2708800,1004,2.21,,,,,,,
34358201,2708800,1005,16.2,,,,,,,
34358202,2708800,1008,121,,,,,,,
34358264,2708801,1003,9.48,,,,,,,
34358265,2708801,1004,3.79,,,,,,,
34358266,2708801,1005,16.2,,,,,,,
34358267,2708801,1008,138,,,,,,,
34358329,2708802,1003,9.73,,,,,,,
34358330,2708802,1004,2.77,,,,,,,
34358331,2708802,1005,16.2,,,,,,,
34358332,2708802,1008,129,,,,,,,
34358394,2708803,1003,9.15,,,,,,,
34358395,2708803,1004,3.15,,,,,,,
34358396,2708803,1005,16.2,,,,,,,
34358397,2708803,1008,130,,,,,,,
34358524,2708805,1003,5.79,,,,,,,
34358525,2708805,1004,9.2,,,,,,,
34358526,2708805,1005,16.3,,,,,,,
34358527,2708805,1008,165,,,,,,,
34358589,2708806,1003,8.13,,,,,,,
34358590,2708806,1004,7.5,,,,,,,
34358591,2708806,1005,14.4,,,,,,,
34358592,2708806,1008,154,,,,,,,
34358654,2708807,1003,6.84,,,,,,,
34358655,2708807,1004,6.82,,,,,,,
34358656,2708807,1005,15,,,,,,,
34358657,2708807,1008,147,,,,,,,
34358719,2708808,1003,8.18,,,,,,,
34358720,2708808,1004,7.92,,,,,,,
34358721,2708808,1005,14.7,,,,,,,
34358722,2708808,1008,160,,,,,,,
34358784,2708809,1003,16.9,,,,,,,
34358785,2708809,1004,7.66,,,,,,,
34358786,2708809,1005,8.14,,,,,,,
34358787,2708809,1008,172,,,,,,,
34366649,2708930,1003,2.47,,,,,,,
34366650,2708930,1004,2.21,,,,,,,
34366651,2708930,1005,14.4,,,,,,,
34366652,2708930,1008,87,,,,,,,
34367364,2708941,1003,5.18,,,,,,,
34367365,2708941,1004,11.4,,,,,,,
34367366,2708941,1005,22.5,,,,,,,
34367367,2708941,1008,215,,,,,,,
34367429,2708942,1003,6.69,,,,,,,
34367430,2708942,1004,9.9,,,,,,,
34367431,2708942,1005,20.9,,,,,,,
34367432,2708942,1008,200,,,,,,,
34367819,2708948,1003,7.65,,,,,,,
34367820,2708948,1004,10.6,,,,,,,
34367821,2708948,1005,20.8,,,,,,,
34367822,2708948,1008,211,,,,,,,
34367884,2708949,1003,5.94,,,,,,,
34367885,2708949,1004,7.4,,,,,,,
34367886,2708949,1005,31,,,,,,,
34367887,2708949,1008,209,,,,,,,
34367949,2708950,1003,5.5,,,,,,,
34367950,2708950,1004,2.44,,,,,,,
34367951,2708950,1005,8.11,,,,,,,
34367952,2708950,1008,76,,,,,,,
34368014,2708951,1003,3.84,,,,,,,
34368015,2708951,1004,3.19,,,,,,,
34368016,2708951,1005,32.5,,,,,,,
34368017,2708951,1008,174,,,,,,,
34368469,2708958,1003,17.7,,,,,,,
34368470,2708958,1004,7.94,,,,,,,
34368471,2708958,1005,8.86,,,,,,,
34368472,2708958,1008,181,,,,,,,
34368599,2708960,1003,1.8,,,,,,,
34368600,2708960,1004,1.47,,,,,,,
34368601,2708960,1005,17.6,,,,,,,
34368602,2708960,1008,93,,,,,,,
34368664,2708961,1003,2.92,,,,,,,
34368665,2708961,1004,0.67,,,,,,,
34368666,2708961,1005,18.4,,,,,,,
34368667,2708961,1008,94,,,,,,,
34368729,2708962,1003,5.95,,,,,,,
34368730,2708962,1004,2.98,,,,,,,
34368731,2708962,1005,15.3,,,,,,,
34368732,2708962,1008,116,,,,,,,
34368794,2708963,1003,6.88,,,,,,,
34368795,2708963,1004,1.28,,,,,,,
34368796,2708963,1005,15.3,,,,,,,
34368797,2708963,1008,103,,,,,,,
34368859,2708964,1003,7.01,,,,,,,
34368860,2708964,1004,0.55,,,,,,,
34368861,2708964,1005,15.7,,,,,,,
34368862,2708964,1008,100,,,,,,,
34368924,2708965,1003,7.4,,,,,,,
34368925,2708965,1004,0.26,,,,,,,
34368926,2708965,1005,15.3,,,,,,,
34368927,2708965,1008,97,,,,,,,
34368989,2708966,1003,1.8,,,,,,,
34368990,2708966,1004,1.47,,,,,,,
34368991,2708966,1005,17.6,,,,,,,
34368992,2708966,1008,93,,,,,,,
34369054,2708967,1003,3.85,,,,,,,
34369055,2708967,1004,0.28,,,,,,,
34369056,2708967,1005,18.6,,,,,,,
34369057,2708967,1008,95,,,,,,,
34369119,2708968,1003,7.6,,,,,,,
34369120,2708968,1004,4.16,,,,,,,
34369121,2708968,1005,13.4,,,,,,,
34369122,2708968,1008,126,,,,,,,
34369314,2708971,1003,9.66,,,,,,,
34369315,2708971,1004,0.29,,,,,,,
34369316,2708971,1005,13.4,,,,,,,
34369317,2708971,1008,100,,,,,,,
34369379,2708972,1003,7.32,,,,,,,
34369380,2708972,1004,5.23,,,,,,,
34369381,2708972,1005,10.2,,,,,,,
34369382,2708972,1008,119,,,,,,,
34370094,2708983,1003,1.12,,,,,,,
34370095,2708983,1004,0.12,,,,,,,
34370096,2708983,1005,7.88,,,,,,,
34370097,2708983,1008,38,,,,,,,
34370159,2708984,1003,3.12,,,,,,,
34370160,2708984,1004,2.06,,,,,,,
34370161,2708984,1005,6.91,,,,,,,
34370162,2708984,1008,60,,,,,,,
34370224,2708985,1003,1.93,,,,,,,
34370225,2708985,1004,3.2,,,,,,,
34370226,2708985,1005,17.9,,,,,,,
34370227,2708985,1008,109,,,,,,,
34370549,2708990,1003,6.5,,,,,,,
34370550,2708990,1004,4.21,,,,,,,
34370551,2708990,1005,25.2,,,,,,,
34370552,2708990,1008,164,,,,,,,
34373344,2709033,1003,6.4,,,,,,,
34373345,2709033,1004,4.54,,,,,,,
34373346,2709033,1005,24.3,,,,,,,
34373347,2709033,1008,162,,,,,,,
34375814,2709071,1003,3.35,,,,,,,
34375815,2709071,1004,6.58,,,,,,,
34375816,2709071,1005,20.1,,,,,,,
34375817,2709071,1008,154,,,,,,,
34376204,2709077,1003,3.29,,,,,,,
34376205,2709077,1004,3.03,,,,,,,
34376206,2709077,1005,24.1,,,,,,,
34376207,2709077,1008,137,,,,,,,
34376269,2709078,1003,5.12,,,,,,,
34376270,2709078,1004,2.25,,,,,,,
34376271,2709078,1005,17.2,,,,,,,
34376272,2709078,1008,112,,,,,,,
34376334,2709079,1003,1.87,,,,,,,
34376335,2709079,1004,4.26,,,,,,,
34376336,2709079,1005,19.8,,,,,,,
34376337,2709079,1008,127,,,,,,,
34376724,2709085,1003,2.87,,,,,,,
34376725,2709085,1004,2.6,,,,,,,
34376726,2709085,1005,19.6,,,,,,,
34376727,2709085,1008,115,,,,,,,
34376984,2709089,1003,1.98,,,,,,,
34376985,2709089,1004,3.29,,,,,,,
34376986,2709089,1005,17.6,,,,,,,
34376987,2709089,1008,110,,,,,,,
34377049,2709090,1003,2.65,,,,,,,
34377050,2709090,1004,2.58,,,,,,,
34377051,2709090,1005,32.1,,,,,,,
34377052,2709090,1008,162,,,,,,,
34379649,2709130,1003,12.8,,,,,,,
34379650,2709130,1004,9.73,,,,,,,
34379651,2709130,1005,33.2,,,,,,,
34379652,2709130,1008,266,,,,,,,
34379714,2709131,1003,1.64,,,,,,,
34379715,2709131,1004,9.66,,,,,,,
34379716,2709131,1005,9.65,,,,,,,
34379717,2709131,1008,127,,,,,,,
34380039,2709136,1003,5.42,,,,,,,
34380040,2709136,1004,6.55,,,,,,,
34380041,2709136,1005,19.7,,,,,,,
34380042,2709136,1008,160,,,,,,,
34380169,2709138,1003,5.72,,,,,,,
34380170,2709138,1004,2.16,,,,,,,
34380171,2709138,1005,57.5,,,,,,,
34380172,2709138,1008,267,,,,,,,
34380234,2709139,1003,6.9,,,,,,,
34380235,2709139,1004,2.39,,,,,,,
34380236,2709139,1005,55.2,,,,,,,
34380237,2709139,1008,265,,,,,,,
34380689,2709146,1003,3.54,,,,,,,
34380690,2709146,1004,1.15,,,,,,,
34380691,2709146,1005,6.78,,,,,,,
34380692,2709146,1008,51,,,,,,,
34380754,2709147,1003,3.34,,,,,,,
34380755,2709147,1004,2.07,,,,,,,
34380756,2709147,1005,6.66,,,,,,,
34380757,2709147,1008,58,,,,,,,
34381014,2709151,1003,3.09,,,,,,,
34381015,2709151,1004,1.96,,,,,,,
34381016,2709151,1005,10.7,,,,,,,
34381017,2709151,1008,73,,,,,,,
34381209,2709154,1003,6.81,,,,,,,
34381210,2709154,1004,5.19,,,,,,,
34381211,2709154,1005,15.4,,,,,,,
34381212,2709154,1008,137,,,,,,,
34381339,2709156,1003,5.78,,,,,,,
34381340,2709156,1004,2.87,,,,,,,
34381341,2709156,1005,15.4,,,,,,,
34381342,2709156,1008,112,,,,,,,
34381404,2709157,1003,4.01,,,,,,,
34381405,2709157,1004,3.33,,,,,,,
34381406,2709157,1005,15.6,,,,,,,
34381407,2709157,1008,108,,,,,,,
34381599,2709160,1003,2.39,,,,,,,
34381600,2709160,1004,1.31,,,,,,,
34381601,2709160,1005,2.95,,,,,,,
34381602,2709160,1008,33,,,,,,,
34381729,2709162,1003,4.22,,,,,,,
34381730,2709162,1004,4.17,,,,,,,
34381731,2709162,1005,12.6,,,,,,,
34381732,2709162,1008,102,,,,,,,
34391414,2709311,1003,0.54,,,,,,,
34391415,2709311,1004,0.12,,,,,,,
34391416,2709311,1005,7.04,,,,,,,
34391417,2709311,1008,30,,,,,,,
34407339,2709556,1003,1.51,,,,,,,
34407340,2709556,1004,4.71,,,,,,,
34407341,2709556,1005,10.5,,,,,,,
34407342,2709556,1008,90,,,,,,,
34407404,2709557,1003,3.78,,,,,,,
34407405,2709557,1004,6.43,,,,,,,
34407406,2709557,1005,8.81,,,,,,,
34407407,2709557,1008,109,,,,,,,
34414034,2709659,1003,4.26,,,,,,,
34414035,2709659,1004,4.54,,,,,,,
34414036,2709659,1005,6.08,,,,,,,
34414037,2709659,1008,82,,,,,,,
34417869,2709718,1003,1.1,,,,,,,
34417870,2709718,1004,4.7,,,,,,,
34417871,2709718,1005,6.86,,,,,,,
34417872,2709718,1008,72,,,,,,,
34420404,2709757,1003,0.65,,,,,,,
34420405,2709757,1004,0.41,,,,,,,
34420406,2709757,1005,3.64,,,,,,,
34420407,2709757,1008,19,,,,,,,
34420469,2709758,1003,1.21,,,,,,,
34420470,2709758,1004,4.68,,,,,,,
34420471,2709758,1005,6.39,,,,,,,
34420472,2709758,1008,70,,,,,,,
34435029,2709982,1003,0.9,,,,,,,
34435030,2709982,1004,2.53,,,,,,,
34435031,2709982,1005,4.16,,,,,,,
34435032,2709982,1008,40,,,,,,,
34440814,2710071,1003,0.8,,,,,,,
34440815,2710071,1004,0.08,,,,,,,
34440816,2710071,1005,16.3,,,,,,,
34440817,2710071,1008,65,,,,,,,
34440944,2710073,1003,1.7,,,,,,,
34440945,2710073,1004,0.91,,,,,,,
34440946,2710073,1005,25.7,,,,,,,
34440947,2710073,1008,111,,,,,,,
34441204,2710077,1003,1.1,,,,,,,
34441205,2710077,1004,0.5,,,,,,,
34441206,2710077,1005,2.4,,,,,,,
34441207,2710077,1008,15,,,,,,,
34441269,2710078,1003,0.48,,,,,,,
34441270,2710078,1004,0.43,,,,,,,
34441271,2710078,1005,1.99,,,,,,,
34441272,2710078,1008,14,,,,,,,
34441334,2710079,1003,0.37,,,,,,,
34441335,2710079,1004,0.47,,,,,,,
34441336,2710079,1005,35.1,,,,,,,
34441337,2710079,1008,130,,,,,,,
34441399,2710080,1003,0.58,,,,,,,
34441400,2710080,1004,0.41,,,,,,,
34441401,2710080,1005,21.2,,,,,,,
34441402,2710080,1008,91,,,,,,,
34441854,2710087,1003,1.6,,,,,,,
34441855,2710087,1004,0.17,,,,,,,
34441856,2710087,1005,11,,,,,,,
34441857,2710087,1008,48,,,,,,,
34441984,2710089,1003,1.03,,,,,,,
34441985,2710089,1004,15.3,,,,,,,
34441986,2710089,1005,3.84,,,,,,,
34441987,2710089,1008,145,,,,,,,
34442049,2710090,1003,0.84,,,,,,,
34442050,2710090,1004,10.9,,,,,,,
34442051,2710090,1005,6.04,,,,,,,
34442052,2710090,1008,116,,,,,,,
34442179,2710092,1003,0.73,,,,,,,
34442180,2710092,1004,30,,,,,,,
34442181,2710092,1005,4.17,,,,,,,
34442182,2710092,1008,282,,,,,,,
34443024,2710105,1003,0.52,,,,,,,
34443025,2710105,1004,0.37,,,,,,,
34443026,2710105,1005,3.9,,,,,,,
34443027,2710105,1008,20,,,,,,,
34443089,2710106,1003,0.81,,,,,,,
34443090,2710106,1004,0.63,,,,,,,
34443091,2710106,1005,4.49,,,,,,,
34443092,2710106,1008,26,,,,,,,
34443219,2710108,1003,5.45,,,,,,,
34443220,2710108,1004,4.47,,,,,,,
34443221,2710108,1005,11.8,,,,,,,
34443222,2710108,1008,108,,,,,,,
34443349,2710110,1003,3.73,,,,,,,
34443350,2710110,1004,1.87,,,,,,,
34443351,2710110,1005,1.52,,,,,,,
34443352,2710110,1008,37,,,,,,,
34443544,2710113,1003,0.84,,,,,,,
34443545,2710113,1004,0.45,,,,,,,
34443546,2710113,1005,5.08,,,,,,,
34443547,2710113,1008,27,,,,,,,
34443609,2710114,1003,1.71,,,,,,,
34443610,2710114,1004,0.5,,,,,,,
34443611,2710114,1005,7.3,,,,,,,
34443612,2710114,1008,40,,,,,,,
34443674,2710115,1003,3.28,,,,,,,
34443675,2710115,1004,2.05,,,,,,,
34443676,2710115,1005,4.04,,,,,,,
34443677,2710115,1008,47,,,,,,,
