id,fdc_id,seq_num,amount,measure_unit_id,portion_description,modifier,gram_weight,data_points,footnote,min_year_acquired
291524,2705702,2,,9999,1 cubic inch,51000,10,,,
291526,2705702,4,,9999,Quantity not specified,90000,175,,,
291525,2705702,3,,9999,1 cup,10205,145,,,
291523,2705702,1,,9999,1 piece,61667,175,,,
291989,2705795,1,,9999,1 sandwich,61853,102,,,
291990,2705795,2,,9999,Quantity not specified,90000,102,,,
291991,2705796,1,,9999,1 sandwich,61853,102,,,
291992,2705796,2,,9999,Quantity not specified,90000,102,,,
291993,2705797,1,,9999,1 sandwich,61853,102,,,
291994,2705797,2,,9999,Quantity not specified,90000,102,,,
291996,2705798,2,,9999,Quantity not specified,90000,102,,,
291995,2705798,1,,9999,1 sandwich,61853,102,,,
291999,2705800,1,,9999,1 sandwich,61853,102,,,
292000,2705800,2,,9999,Quantity not specified,90000,102,,,
292383,2705872,2,,9999,1 oz yields,40016,20,,,
292382,2705872,1,,9999,"1 chop, any size",62632,180,,,
292386,2705872,5,,9999,Quantity not specified,90000,180,,,
292385,2705872,4,,9999,1 cup,10205,135,,,
292384,2705872,3,,9999,1 cubic inch,51000,17,,,
295100,2706371,2,,9999,Quantity not specified,90000,183,,,
295099,2706371,1,,9999,1 cup,10205,244,,,
295101,2706372,1,,9999,1 cup,10205,255,,,
295102,2706372,2,,9999,Quantity not specified,90000,255,,,
295115,2706377,1,,9999,1 cup,10205,255,,,
295116,2706377,2,,9999,Quantity not specified,90000,255,,,
295118,2706378,2,,9999,Quantity not specified,90000,190,,,
295117,2706378,1,,9999,1 cup,10205,250,,,
295125,2706379,7,,9999,"1 cubic inch, boneless, cooked",51005,17,,,
295124,2706379,6,,9999,Quantity not specified,90000,183,,,
295123,2706379,5,,9999,1 large patty with gravy,61044,158,,,
295121,2706379,3,,9999,1 small patty with gravy,62145,83,,,
295122,2706379,4,,9999,1 medium patty with gravy,61378,115,,,
295120,2706379,2,,9999,1 slice with gravy,62002,65,,,
295119,2706379,1,,9999,1 cup,10205,244,,,
295132,2706382,1,,9999,1 cup,10205,256,,,
295133,2706382,2,,9999,Quantity not specified,90000,192,,,
295145,2706387,1,,9999,1 cup,10205,244,,,
295146,2706387,2,,9999,Quantity not specified,90000,183,,,
295147,2706388,1,,9999,1 cup,10205,240,,,
295148,2706388,2,,9999,Quantity not specified,90000,240,,,
295150,2706389,2,,9999,Quantity not specified,90000,200,,,
295149,2706389,1,,9999,1 cup,10205,200,,,
295161,2706394,1,,9999,1 cup,10205,225,,,
295162,2706394,2,,9999,Quantity not specified,90000,169,,,
295183,2706402,2,,9999,Quantity not specified,90000,183,,,
295182,2706402,1,,9999,1 cup,10205,244,,,
295196,2706406,2,,9999,Quantity not specified,90000,60,,,
295195,2706406,1,,9999,1 cup,10205,240,,,
295197,2706407,1,,9999,1 cup,10205,255,,,
295198,2706407,2,,9999,Quantity not specified,90000,255,,,
295219,2706415,3,,9999,Quantity not specified,90000,105,,,
295218,2706415,2,,9999,1 cup,10205,140,,,
295217,2706415,1,,9999,1 slice with sauce,62006,96,,,
295221,2706416,2,,9999,Quantity not specified,90000,96,,,
295220,2706416,1,,9999,1 slice with sauce,62006,96,,,
295224,2706417,3,,9999,Quantity not specified,90000,157,,,
295222,2706417,1,,9999,1 patty with sauce and cheese,61742,182,,,
295223,2706417,2,,9999,1 cup,10205,209,,,
295226,2706418,2,,9999,Quantity not specified,90000,229,,,
295225,2706418,1,,9999,1 roll (with ham and sauce),61833,229,,,
295233,2706421,1,,9999,1 cup,10205,244,,,
295238,2706421,6,,9999,1 chicken wing with sauce,60566,59,,,
295237,2706421,5,,9999,1 chicken drumstick with sauce,60559,90,,,
295236,2706421,4,,9999,1 chicken leg with sauce,60562,197,,,
295240,2706421,8,,9999,1 slice of turkey with sauce,61997,48,,,
295235,2706421,3,,9999,1 chicken thigh with sauce,60564,107,,,
295239,2706421,7,,9999,1 slice of chicken with sauce,61996,24,,,
295241,2706421,9,,9999,Quantity not specified,90000,244,,,
295234,2706421,2,,9999,1/2 chicken breast with sauce,62388,169,,,
295255,2706425,2,,9999,Quantity not specified,90000,255,,,
295254,2706425,1,,9999,1 cup,10205,255,,,
295256,2706426,1,,9999,1 cup,10205,255,,,
295257,2706426,2,,9999,Quantity not specified,90000,255,,,
295258,2706427,1,,9999,1 cup,10205,255,,,
295259,2706427,2,,9999,Quantity not specified,90000,255,,,
295266,2706428,7,,9999,1 chicken wing with gravy,60565,44,,,
295261,2706428,2,,9999,1 slice with gravy,62002,22,,,
295263,2706428,4,,9999,1 chicken thigh with gravy,60563,78,,,
295267,2706428,8,,9999,Quantity not specified,90000,244,,,
295265,2706428,6,,9999,1 chicken drumstick with gravy,60558,68,,,
295260,2706428,1,,9999,1 cup,10205,244,,,
295262,2706428,3,,9999,1/2 chicken breast with gravy,62387,129,,,
295264,2706428,5,,9999,1 chicken leg with gravy,60561,145,,,
295269,2706429,2,,9999,Quantity not specified,90000,244,,,
295268,2706429,1,,9999,1 cup,10205,244,,,
295270,2706430,1,,9999,1 cup,10205,244,,,
295272,2706430,3,,9999,Quantity not specified,90000,244,,,
295271,2706430,2,,9999,1 slice with gravy,62002,43,,,
295299,2706434,1,,9999,1 cup,10205,240,,,
295300,2706434,2,,9999,Quantity not specified,90000,180,,,
295308,2706437,2,,9999,Quantity not specified,90000,240,,,
295307,2706437,1,,9999,1 cup,10205,240,,,
295309,2706438,1,,9999,1 cup,10205,200,,,
295310,2706438,2,,9999,Quantity not specified,90000,200,,,
295312,2706439,2,,9999,Quantity not specified,90000,244,,,
295311,2706439,1,,9999,1 cup,10205,244,,,
295315,2706441,1,,9999,1 roll (1/2 breast with ham and sauce),61829,229,,,
295316,2706441,2,,9999,1 cup,10205,140,,,
295317,2706441,3,,9999,Quantity not specified,90000,140,,,
295318,2706442,1,,9999,1 patty with sauce and cheese,61742,182,,,
295321,2706442,4,,9999,1/2 breast with sauce and cheese,63885,159,,,
295319,2706442,2,,9999,Quantity not specified,90000,209,,,
295320,2706442,3,,9999,1 cup,10205,209,,,
295322,2706442,5,,9999,1 thigh with sauce and cheese,63886,106,,,
295328,2706443,6,,9999,1 chicken drumstick with sauce,60559,71,,,
295323,2706443,1,,9999,1 cup,10205,252,,,
295329,2706443,7,,9999,1 chicken wing with sauce,60566,47,,,
295327,2706443,5,,9999,1 chicken leg with sauce,60562,156,,,
295326,2706443,4,,9999,1 chicken thigh with sauce,60564,85,,,
295325,2706443,3,,9999,1/2 chicken breast with sauce,62388,134,,,
295324,2706443,2,,9999,Quantity not specified,90000,189,,,
295335,2706444,6,,9999,1 chicken wing with sauce,60566,47,,,
295336,2706444,7,,9999,Quantity not specified,90000,189,,,
295331,2706444,2,,9999,1/2 chicken breast with sauce,62388,134,,,
295330,2706444,1,,9999,1 cup,10205,252,,,
295332,2706444,3,,9999,1 chicken thigh with sauce,60564,85,,,
295334,2706444,5,,9999,1 chicken drumstick with sauce,60559,71,,,
295333,2706444,4,,9999,1 chicken leg with sauce,60562,156,,,
295338,2706445,2,,9999,Quantity not specified,90000,258,,,
295337,2706445,1,,9999,1 serving (1 whole breast),61894,258,,,
295371,2706460,2,,9999,Quantity not specified,90000,240,,,
295370,2706460,1,,9999,1 cup,10205,240,,,
295375,2706462,2,,9999,Quantity not specified,90000,113,,,
295374,2706462,1,,9999,1 cup,10205,201,,,
295377,2706463,2,,9999,Quantity not specified,90000,125,,,
295376,2706463,1,,9999,1 cup,10205,250,,,
295383,2706466,2,,9999,Quantity not specified,90000,255,,,
295382,2706466,1,,9999,1 cup,10205,255,,,
295404,2706476,1,,9999,1 cup,10205,190,,,
295405,2706476,2,,9999,Quantity not specified,90000,142,,,
295408,2706477,3,,9999,1 small can (7 oz),62080,198,,,
295410,2706477,5,,9999,1 large can,60987,716,,,
295406,2706477,1,,9999,"1 cup, NFS",10010,220,,,
295407,2706477,2,,9999,"1 cup, canned",10029,220,,,
295409,2706477,4,,9999,1 medium can (15 oz),61313,425,,,
295412,2706477,7,,9999,"1 cup, homemade",10108,190,,,
295411,2706477,6,,9999,Quantity not specified,90000,165,,,
295426,2706483,1,,9999,1 cup,10205,255,,,
295427,2706483,2,,9999,Quantity not specified,90000,255,,,
295442,2706490,2,,9999,Quantity not specified,90000,245,,,
295441,2706490,1,,9999,1 cup,10205,196,,,
295493,2706501,1,,9999,1 slice,61935,116,,,
295494,2706501,2,,9999,Quantity not specified,90000,87,,,
295495,2706502,1,,9999,1 patty,61633,100,,,
295496,2706502,2,,9999,Quantity not specified,90000,100,,,
295517,2706508,3,,9999,Quantity not specified,90000,105,,,
295515,2706508,1,,9999,"1 croquette (1-1/2"" dia, 2"" high)",60638,62,,,
295516,2706508,2,,9999,1 cup,10205,140,,,
295539,2706519,1,,9999,1 cup,10205,255,,,
295540,2706519,2,,9999,Quantity not specified,90000,255,,,
295546,2706521,4,,9999,1 cup,10205,140,,,
295544,2706521,2,,9999,1 medium slice,61398,108,,,
295543,2706521,1,,9999,1 small or thin slice,62138,86,,,
295545,2706521,3,,9999,1 large slice,61069,144,,,
295547,2706521,5,,9999,Quantity not specified,90000,70,,,
295565,2706527,1,,9999,1 cup,10205,190,,,
295566,2706527,2,,9999,Quantity not specified,90000,190,,,
295580,2706534,2,,9999,Quantity not specified,90000,307,,,
295579,2706534,1,,9999,1 cup,10205,246,,,
295587,2706538,1,,9999,1 cup,10205,196,,,
295588,2706538,2,,9999,Quantity not specified,90000,245,,,
295599,2706544,1,,9999,1 cup,10205,200,,,
295600,2706544,2,,9999,Quantity not specified,90000,200,,,
295606,2706546,1,,9999,1 cup,10205,159,,,
295607,2706546,2,,9999,Quantity not specified,90000,80,,,
295630,2706549,1,,9999,1 cake or patty,60479,85,,,
295631,2706549,2,,9999,Quantity not specified,90000,85,,,
295639,2706551,5,,9999,1 piece with broth,63994,68,,,
295637,2706551,3,,9999,5 balls,62514,41,,,
295636,2706551,2,,9999,1 cubic inch,51000,16,,,
295638,2706551,4,,9999,Quantity not specified,90000,125,,,
295635,2706551,1,,9999,1 cup,10205,250,,,
295668,2706564,2,,9999,Quantity not specified,90000,85,,,
295667,2706564,1,,9999,1 clam,60580,30,,,
295675,2706567,2,,9999,1 cubic inch,51000,12,,,
295674,2706567,1,,9999,1/2 slice,63942,48,,,
295676,2706567,3,,9999,Quantity not specified,90000,48,,,
295769,2706591,1,,9999,1 cup,10205,255,,,
295770,2706591,2,,9999,1 can,60482,440,,,
295771,2706591,3,,9999,Quantity not specified,90000,255,,,
295772,2706592,1,,9999,1 cup,10205,255,,,
295773,2706592,2,,9999,Quantity not specified,90000,255,,,
295780,2706594,5,,9999,1 cubic inch,51000,10,,,
295778,2706594,3,,9999,"1 pie, any size",64752,1260,,,
295777,2706594,2,,9999,1 individual pie,60877,250,,,
295776,2706594,1,,9999,"1 slice, any size",64612,210,,,
295779,2706594,4,,9999,1 cup,10205,200,,,
295781,2706594,6,,9999,Quantity not specified,90000,250,,,
295856,2706630,3,,9999,"1 pie, any size",64752,1260,,,
295857,2706630,4,,9999,1 cup,10205,200,,,
295858,2706630,5,,9999,1 cubic inch,51000,10,,,
295859,2706630,6,,9999,Quantity not specified,90000,250,,,
295854,2706630,1,,9999,"1 slice, any size",64612,210,,,
295855,2706630,2,,9999,1 individual pie,60877,250,,,
295920,2706660,2,,9999,Quantity not specified,90000,255,,,
295919,2706660,1,,9999,1 cup,10205,255,,,
295956,2706677,2,,9999,Quantity not specified,90000,255,,,
295955,2706677,1,,9999,1 cup,10205,255,,,
295957,2706678,1,,9999,1 cup,10205,255,,,
295958,2706678,2,,9999,Quantity not specified,90000,255,,,
296013,2706703,6,,9999,Quantity not specified,90000,250,,,
296009,2706703,2,,9999,1 individual pie,60877,250,,,
296008,2706703,1,,9999,"1 slice, any size",64612,210,,,
296010,2706703,3,,9999,"1 pie, any size",64752,1260,,,
296012,2706703,5,,9999,1 cubic inch,51000,10,,,
296011,2706703,4,,9999,1 cup,10205,200,,,
296031,2706711,2,,9999,Quantity not specified,90000,300,,,
296030,2706711,1,,9999,1 cup,10205,240,,,
296076,2706732,4,,9999,1 large piece with sauce,61052,227,,,
296077,2706732,5,,9999,Quantity not specified,90000,187,,,
296075,2706732,3,,9999,1 medium piece with sauce,61387,170,,,
296074,2706732,2,,9999,1 small piece with sauce,62154,113,,,
296073,2706732,1,,9999,1 cup,10205,249,,,
296092,2706740,1,,9999,1 cup,10205,217,,,
296093,2706740,2,,9999,Quantity not specified,90000,163,,,
296095,2706741,2,,9999,Quantity not specified,90000,163,,,
296094,2706741,1,,9999,1 cup,10205,217,,,
296098,2706743,1,,9999,1 cup,10205,162,,,
296099,2706743,2,,9999,Quantity not specified,90000,121,,,
296107,2706747,2,,9999,Quantity not specified,90000,163,,,
296106,2706747,1,,9999,1 cup,10205,217,,,
296114,2706749,1,,9999,1 cup,10205,182,,,
296115,2706749,2,,9999,Quantity not specified,90000,136,,,
296128,2706756,1,,9999,1 cup,10205,182,,,
296129,2706756,2,,9999,Quantity not specified,90000,137,,,
296143,2706763,1,,9999,1 cup,10205,162,,,
296144,2706763,2,,9999,Quantity not specified,90000,121,,,
296150,2706766,2,,9999,Quantity not specified,90000,142,,,
296149,2706766,1,,9999,1 cup,10205,190,,,
296200,2706789,2,,9999,Quantity not specified,90000,236,,,
296199,2706789,1,,9999,1 cup,10205,236,,,
296211,2706795,1,,9999,1 cup,10205,216,,,
296212,2706795,2,,9999,Quantity not specified,90000,162,,,
296213,2706796,1,,9999,1 cup,10205,162,,,
296214,2706796,2,,9999,Quantity not specified,90000,121,,,
296217,2706797,3,,9999,1/2 chicken breast with sauce,62388,128,,,
296215,2706797,1,,9999,1 cup,10205,242,,,
296216,2706797,2,,9999,Quantity not specified,90000,181,,,
296288,2706824,2,,9999,Quantity not specified,90000,104,,,
296287,2706824,1,,9999,1 cup,10205,208,,,
296290,2706825,2,,9999,Quantity not specified,90000,91,,,
296289,2706825,1,,9999,1 cup,10205,182,,,
296291,2706826,1,,9999,1 cup,10205,208,,,
296292,2706826,2,,9999,Quantity not specified,90000,104,,,
296314,2706837,2,,9999,Quantity not specified,90000,91,,,
296313,2706837,1,,9999,1 cup,10205,182,,,
296340,2706850,1,,9999,1 cup,10205,234,,,
296341,2706850,2,,9999,Quantity not specified,90000,117,,,
296356,2706857,2,,9999,Quantity not specified,90000,121,,,
296355,2706857,1,,9999,1 cup,10205,162,,,
296388,2706873,1,,9999,1 lau lau,61114,214,,,
296389,2706873,2,,9999,Quantity not specified,90000,135,,,
296438,2706890,2,,9999,Quantity not specified,90000,110,,,
296437,2706890,1,,9999,1 cheeseburger,60547,110,,,
296442,2706892,2,,9999,Quantity not specified,90000,110,,,
296441,2706892,1,,9999,1 cheeseburger,60547,110,,,
296446,2706894,2,,9999,Quantity not specified,90000,80,,,
296445,2706894,1,,9999,1 miniature,61467,80,,,
296487,2706915,1,,9999,1 double cheeseburger,60690,140,,,
296488,2706915,2,,9999,Quantity not specified,90000,140,,,
296492,2706916,4,,9999,Quantity not specified,90000,205,,,
296490,2706916,2,,9999,1 McDonald's Big Mac,60190,205,,,
296491,2706916,3,,9999,1 McDonald's Grand Mac,64743,315,,,
296489,2706916,1,,9999,1 MCDonald's Mac Jr,64742,135,,,
296504,2706922,2,,9999,Quantity not specified,90000,100,,,
296503,2706922,1,,9999,1 hamburger,60844,100,,,
296506,2706923,2,,9999,Quantity not specified,90000,135,,,
296505,2706923,1,,9999,1 hamburger,60844,135,,,
296507,2706924,1,,9999,1 hamburger,60844,100,,,
296508,2706924,2,,9999,Quantity not specified,90000,100,,,
296511,2706926,1,,9999,1 miniature hamburger,61479,70,,,
296512,2706926,2,,9999,Quantity not specified,90000,70,,,
296522,2706931,2,,9999,Quantity not specified,90000,270,,,
296521,2706931,1,,9999,1 hamburger,60844,270,,,
296553,2706945,5,,9999,Quantity not specified,90000,180,,,
296549,2706945,1,,9999,1 regular,62862,180,,,
296552,2706945,4,,9999,1 miniature/slider,61484,90,,,
296551,2706945,3,,9999,"1 regular or 6"" submarine",64771,270,,,
296550,2706945,2,,9999,1 large,60919,270,,,
296554,2706946,1,,9999,"1 sandwich, any size",64736,135,,,
296555,2706946,2,,9999,Quantity not specified,90000,135,,,
296578,2706952,1,,9999,"1 sandwich, any size",64736,215,,,
296579,2706952,2,,9999,Quantity not specified,90000,215,,,
296600,2706957,1,,9999,"1 sandwich, any size",64736,185,,,
296601,2706957,2,,9999,Quantity not specified,90000,185,,,
296610,2706959,4,,9999,1 miniature/slider,61484,60,,,
296611,2706959,5,,9999,Quantity not specified,90000,115,,,
296607,2706959,1,,9999,1 regular,62862,115,,,
296608,2706959,2,,9999,1 large,60919,175,,,
296609,2706959,3,,9999,"1 regular or 6"" submarine",64771,175,,,
296623,2706962,2,,9999,Quantity not specified,90000,200,,,
296622,2706962,1,,9999,"1 sandwich, any size",64736,200,,,
296630,2706964,5,,9999,Quantity not specified,90000,115,,,
296628,2706964,3,,9999,"1 regular or 6"" submarine",64771,175,,,
296629,2706964,4,,9999,1 miniature/slider,61484,60,,,
296626,2706964,1,,9999,1 regular,62862,115,,,
296627,2706964,2,,9999,1 large,60919,175,,,
296636,2706966,1,,9999,1 regular,62862,115,,,
296638,2706966,3,,9999,"1 regular or 6"" submarine",64771,175,,,
296640,2706966,5,,9999,Quantity not specified,90000,115,,,
296637,2706966,2,,9999,1 large,60919,175,,,
296639,2706966,4,,9999,1 miniature/slider,61484,60,,,
296657,2706970,2,,9999,Quantity not specified,90000,135,,,
296656,2706970,1,,9999,"1 sandwich, any size",64736,135,,,
296662,2706973,1,,9999,"1 sandwich, any size",64736,190,,,
296663,2706973,2,,9999,Quantity not specified,90000,190,,,
296664,2706974,1,,9999,"1 sandwich, any size",64736,190,,,
296665,2706974,2,,9999,Quantity not specified,90000,190,,,
296677,2706977,2,,9999,Quantity not specified,90000,115,,,
296676,2706977,1,,9999,"1 sandwich, any size",64736,115,,,
296679,2706978,2,,9999,Quantity not specified,90000,135,,,
296678,2706978,1,,9999,"1 sandwich, any size",64736,135,,,
296714,2706987,1,,9999,"1 sandwich, any size",64736,135,,,
296715,2706987,2,,9999,Quantity not specified,90000,135,,,
296726,2706990,1,,9999,1 regular,62862,180,,,
296728,2706990,3,,9999,"1 regular or 6"" submarine",64771,270,,,
296730,2706990,5,,9999,Quantity not specified,90000,180,,,
296729,2706990,4,,9999,1 miniature/slider,61484,90,,,
296727,2706990,2,,9999,1 large,60919,270,,,
296735,2706991,5,,9999,Quantity not specified,90000,180,,,
296733,2706991,3,,9999,"1 regular or 6"" submarine",64771,270,,,
296732,2706991,2,,9999,1 large,60919,270,,,
296734,2706991,4,,9999,1 miniature/slider,61484,90,,,
296731,2706991,1,,9999,1 regular,62862,180,,,
296737,2706992,2,,9999,Quantity not specified,90000,200,,,
296736,2706992,1,,9999,"1 sandwich, any size",64736,200,,,
296739,2706993,2,,9999,Quantity not specified,90000,130,,,
296738,2706993,1,,9999,"1 sandwich, any size",64736,130,,,
296743,2706995,2,,9999,Quantity not specified,90000,130,,,
296742,2706995,1,,9999,"1 sandwich, any size",64736,130,,,
296763,2707001,1,,9999,"1 sandwich, any size",64736,92,,,
296764,2707001,2,,9999,Quantity not specified,90000,92,,,
296765,2707002,1,,9999,"1 sandwich, any size",64736,155,,,
296766,2707002,2,,9999,Quantity not specified,90000,155,,,
296767,2707003,1,,9999,1 regular sandwich,64737,140,,,
296768,2707003,2,,9999,1 large sandwich,61062,280,,,
296769,2707003,3,,9999,1 submarine,62266,280,,,
296770,2707003,4,,9999,1 miniature/slider,61484,70,,,
296771,2707003,5,,9999,Quantity not specified,90000,140,,,
296796,2707008,5,,9999,1 sandwich (1 slice bread),64719,70,,,
296793,2707008,2,,9999,1 large sandwich,61062,280,,,
296795,2707008,4,,9999,1 miniature/slider,61484,70,,,
296794,2707008,3,,9999,1 submarine,62266,280,,,
296797,2707008,6,,9999,Quantity not specified,90000,140,,,
296792,2707008,1,,9999,1 regular sandwich,64737,140,,,
296806,2707010,3,,9999,1 submarine,62266,280,,,
296804,2707010,1,,9999,1 regular sandwich,64737,140,,,
296807,2707010,4,,9999,1 miniature/slider,61484,70,,,
296809,2707010,6,,9999,Quantity not specified,90000,140,,,
296805,2707010,2,,9999,1 large sandwich,61062,280,,,
296808,2707010,5,,9999,1 sandwich (1 slice bread),64719,70,,,
296860,2707022,3,,9999,1 submarine,62266,360,,,
296858,2707022,1,,9999,1 regular sandwich,64737,180,,,
296859,2707022,2,,9999,1 large sandwich,61062,360,,,
296862,2707022,5,,9999,Quantity not specified,90000,180,,,
296861,2707022,4,,9999,1 miniature/slider,61484,90,,,
296863,2707023,1,,9999,1 regular sandwich,64737,180,,,
296864,2707023,2,,9999,1 large sandwich,61062,360,,,
296865,2707023,3,,9999,1 submarine,62266,360,,,
296866,2707023,4,,9999,1 miniature/slider,61484,90,,,
296867,2707023,5,,9999,Quantity not specified,90000,180,,,
296903,2707031,3,,9999,1 submarine,62266,260,,,
296904,2707031,4,,9999,1 miniature/slider,61484,65,,,
296902,2707031,2,,9999,1 large sandwich,61062,260,,,
296901,2707031,1,,9999,1 regular sandwich,64737,130,,,
296905,2707031,5,,9999,1 sandwich (1 slice bread),64719,65,,,
296906,2707031,6,,9999,Quantity not specified,90000,130,,,
296907,2707032,1,,9999,"1 sandwich, any size",64736,151,,,
296908,2707032,2,,9999,Quantity not specified,90000,151,,,
296911,2707033,3,,9999,1 submarine,62266,270,,,
296909,2707033,1,,9999,1 regular sandwich,64737,135,,,
296910,2707033,2,,9999,1 large sandwich,61062,270,,,
296913,2707033,5,,9999,Quantity not specified,90000,135,,,
296912,2707033,4,,9999,1 miniature/slider,61484,67,,,
296962,2707044,2,,9999,1 cocktail/miniature,64376,19,,,
296963,2707044,3,,9999,1 bun length/jumbo,64377,113,,,
296964,2707044,4,,9999,Quantity not specified,90000,88,,,
296961,2707044,1,,9999,1 regular,62862,88,,,
296966,2707045,2,,9999,1 cocktail size pig in a blanket,60586,20,,,
296967,2707045,3,,9999,Quantity not specified,90000,85,,,
296965,2707045,1,,9999,1 pig in blanket,61747,85,,,
296981,2707048,4,,9999,1 miniature/slider,61484,60,,,
296980,2707048,3,,9999,"1 regular or 6"" submarine",64771,175,,,
296979,2707048,2,,9999,1 large,60919,175,,,
296978,2707048,1,,9999,1 regular,62862,115,,,
296982,2707048,5,,9999,Quantity not specified,90000,115,,,
297003,2707053,1,,9999,"1 sandwich, any size",64736,135,,,
297004,2707053,2,,9999,Quantity not specified,90000,135,,,
297007,2707055,1,,9999,"1 sandwich, any size",64736,135,,,
297008,2707055,2,,9999,Quantity not specified,90000,135,,,
297019,2707061,1,,9999,1 sandwich,61853,102,,,
297020,2707061,2,,9999,Quantity not specified,90000,102,,,
297055,2707078,3,,9999,Quantity not specified,90000,166,,,
297053,2707078,1,,9999,1 sandwich,61853,166,,,
297054,2707078,2,,9999,1 footlong,60787,269,,,
297058,2707079,3,,9999,Quantity not specified,90000,166,,,
297056,2707079,1,,9999,1 sandwich,61853,166,,,
297057,2707079,2,,9999,1 footlong,60787,269,,,
297189,2707123,2,,9999,Quantity not specified,90000,245,,,
297188,2707123,1,,9999,1 cup,10205,245,,,
297190,2707124,1,,9999,1 cup,10205,245,,,
297191,2707124,2,,9999,Quantity not specified,90000,245,,,
297192,2707125,1,,9999,1 cup,10205,245,,,
297193,2707125,2,,9999,Quantity not specified,90000,245,,,
297195,2707126,2,,9999,Quantity not specified,90000,245,,,
297194,2707126,1,,9999,1 cup,10205,245,,,
297202,2707129,1,,9999,1 cup,10205,245,,,
297203,2707129,2,,9999,Quantity not specified,90000,245,,,
297209,2707131,2,,9999,1 can,60482,525,,,
297211,2707131,4,,9999,Quantity not specified,90000,245,,,
297208,2707131,1,,9999,1 cup,10205,245,,,
297210,2707131,3,,9999,1 individual container,60868,440,,,
297214,2707132,3,,9999,1 carton,64776,910,,,
297216,2707132,5,,9999,Quantity not specified,90000,240,,,
297213,2707132,2,,9999,1 can,60482,525,,,
297215,2707132,4,,9999,1 individual container,60868,440,,,
297212,2707132,1,,9999,1 cup,10205,240,,,
297222,2707134,2,,9999,Quantity not specified,90000,245,,,
297221,2707134,1,,9999,1 cup,10205,245,,,
297226,2707136,2,,9999,Quantity not specified,90000,245,,,
297225,2707136,1,,9999,1 cup,10205,245,,,
297228,2707137,2,,9999,1 can,60482,525,,,
297230,2707137,4,,9999,Quantity not specified,90000,255,,,
297227,2707137,1,,9999,1 cup,10205,255,,,
297229,2707137,3,,9999,1 individual container,60868,440,,,
297239,2707140,1,,9999,1 cup,10205,255,,,
297240,2707140,2,,9999,Quantity not specified,90000,255,,,
297241,2707141,1,,9999,1 cup,10205,244,,,
297242,2707141,2,,9999,Quantity not specified,90000,122,,,
297243,2707142,1,,9999,1 cup,10205,244,,,
297244,2707142,2,,9999,Quantity not specified,90000,122,,,
297681,2707282,2,,9999,Quantity not specified,90000,245,,,
297680,2707282,1,,9999,1 cup,10205,245,,,
297835,2707328,4,,9999,Quantity not specified,90000,185,,,
297832,2707328,1,,9999,1 regular,62862,185,,,
297834,2707328,3,,9999,1 miniature/slider,61484,95,,,
297833,2707328,2,,9999,1 large,60919,280,,,
297856,2707334,3,,9999,1 submarine,62266,175,,,
297858,2707334,5,,9999,Quantity not specified,90000,115,,,
297855,2707334,2,,9999,1 large,60919,175,,,
297854,2707334,1,,9999,1 regular,62862,115,,,
297857,2707334,4,,9999,1 miniature/slider,61484,60,,,
297872,2707338,1,,9999,1 regular,62862,110,,,
297874,2707338,3,,9999,Quantity not specified,90000,110,,,
297873,2707338,2,,9999,1 large,60919,165,,,
297887,2707343,1,,9999,"1 item, any size",64756,180,,,
297888,2707343,2,,9999,Quantity not specified,90000,180,,,
297894,2707346,2,,9999,Quantity not specified,90000,190,,,
297893,2707346,1,,9999,"1 item, any size",64756,190,,,
298008,2707395,2,,9999,Quantity not specified,90000,116,,,
298007,2707395,1,,9999,1 cup,10205,231,,,
298038,2707408,2,,9999,Quantity not specified,90000,28,,,
298037,2707408,1,,9999,1 patty,61633,17,,,
298039,2707409,1,,9999,1 cake,60463,32,,,
298040,2707409,2,,9999,Quantity not specified,90000,32,,,
298043,2707411,1,,9999,1 cup,10205,255,,,
298044,2707411,2,,9999,Quantity not specified,90000,255,,,
298101,2707431,2,,9999,Quantity not specified,90000,240,,,
298100,2707431,1,,9999,1 cup,10205,240,,,
298102,2707432,1,,9999,1 cup,10205,200,,,
298103,2707432,2,,9999,Quantity not specified,90000,200,,,
298169,2707453,1,,9999,1 cup,10205,255,,,
298170,2707453,2,,9999,Quantity not specified,90000,255,,,
298172,2707454,2,,9999,1 can,60482,525,,,
298174,2707454,4,,9999,Quantity not specified,90000,255,,,
298173,2707454,3,,9999,1 individual container,60868,440,,,
298171,2707454,1,,9999,1 cup,10205,255,,,
298176,2707455,2,,9999,Quantity not specified,90000,245,,,
298175,2707455,1,,9999,1 cup,10205,245,,,
298188,2707459,2,,9999,1 can,60482,525,,,
298187,2707459,1,,9999,1 cup,10205,255,,,
298190,2707459,4,,9999,Quantity not specified,90000,255,,,
298189,2707459,3,,9999,1 individual container,60868,440,,,
298199,2707462,1,,9999,1 cup,10205,255,,,
298200,2707462,2,,9999,Quantity not specified,90000,255,,,
298239,2707475,1,,9999,"1 slice, any size",64612,210,,,
298242,2707475,4,,9999,1 cup,10205,200,,,
298243,2707475,5,,9999,1 cubic inch,51000,10,,,
298244,2707475,6,,9999,Quantity not specified,90000,250,,,
298240,2707475,2,,9999,1 individual pie,60877,250,,,
298241,2707475,3,,9999,"1 pie, any size",64752,1260,,,
298256,2707480,4,,9999,Quantity not specified,90000,94,,,
298254,2707480,2,,9999,"1 oz, dry, yields",40049,134,,,
298253,2707480,1,,9999,"1 box (3.2 oz), dry, yields",60445,466,,,
298255,2707480,3,,9999,"1 cup, cooked",10043,125,,,
298258,2707481,2,,9999,Quantity not specified,90000,160,,,
298257,2707481,1,,9999,1 sandwich,61853,160,,,
298262,2707483,2,,9999,Quantity not specified,90000,215,,,
298261,2707483,1,,9999,"1 sandwich, any size",64736,215,,,
298599,2707547,2,,9999,Quantity not specified,90000,245,,,
298598,2707547,1,,9999,1 cup,10205,245,,,
298654,2707566,2,,9999,1 sandwich (1 slice bread),64719,45,,,
298653,2707566,1,,9999,"1 sandwich, any size",64736,90,,,
298655,2707566,3,,9999,Quantity not specified,90000,90,,,
298658,2707567,3,,9999,Quantity not specified,90000,90,,,
298657,2707567,2,,9999,1 sandwich (1 slice bread),64719,45,,,
298656,2707567,1,,9999,"1 sandwich, any size",64736,90,,,
299145,2707652,5,,9999,1 large or thick slice,61039,59,,,
299141,2707652,1,,9999,1 slice,61935,43,,,
299142,2707652,2,,9999,"1 slice, snack-size",62014,14,,,
299143,2707652,3,,9999,1 small or thin/very thin slice,64354,32,,,
299144,2707652,4,,9999,1 medium or regular slice,64355,43,,,
299146,2707652,6,,9999,Quantity not specified,90000,43,,,
299305,2707687,6,,9999,"1 cup, NFS",10010,200,,,
299304,2707687,5,,9999,Quantity not specified,90000,100,,,
299303,2707687,4,,9999,"1 cup, dry mix, prepared",10071,228,,,
299302,2707687,3,,9999,1 cubic inch,51000,10,,,
299916,2707812,3,,9999,Quantity not specified,90000,100,,,
299917,2707812,4,,9999,"1 cup, NFS",10010,200,,,
300207,2707872,3,,9999,1 cup,10205,120,,,
300206,2707872,2,,9999,"1 piece/slice, any size",64747,200,,,
300205,2707872,1,,9999,"1 cupcake, any size",63382,90,,,
300208,2707872,4,,9999,Quantity not specified,90000,200,,,
300246,2707882,2,,9999,1 cup,10205,100,,,
300245,2707882,1,,9999,"1 piece/slice, any size",64747,115,,,
300247,2707882,3,,9999,Quantity not specified,90000,115,,,
300260,2707886,1,,9999,"1 piece/slice, any size",64747,65,,,
300261,2707886,2,,9999,1 cup,10205,50,,,
300262,2707886,3,,9999,Quantity not specified,90000,65,,,
300269,2707888,3,,9999,Quantity not specified,90000,200,,,
300268,2707888,2,,9999,1 cup,10205,120,,,
300267,2707888,1,,9999,"1 piece/slice, any size",64747,200,,,
300793,2707995,9,,9999,Quantity not specified,90000,150,,,
300791,2707995,7,,9999,"1 large pie (10"" dia plus)",61660,2000,,,
300786,2707995,2,,9999,1 regular slice,61813,150,,,
300788,2707995,4,,9999,1 individual pie,60877,150,,,
300789,2707995,5,,9999,1 cup,10205,250,,,
300785,2707995,1,,9999,1 mini/small slice,62057,75,,,
300790,2707995,6,,9999,"1 regular pie (8-9"" dia)",64751,1200,,,
300792,2707995,8,,9999,1 surface inch,52000,18.9,,,
300787,2707995,3,,9999,1 large slice,61069,250,,,
300801,2707997,4,,9999,1 individual pie,60877,150,,,
300802,2707997,5,,9999,1 cup,10205,250,,,
300800,2707997,3,,9999,1 large slice,61069,250,,,
300803,2707997,6,,9999,"1 regular pie (8-9"" dia)",64751,1200,,,
300806,2707997,9,,9999,Quantity not specified,90000,150,,,
300798,2707997,1,,9999,1 mini/small slice,62057,75,,,
300804,2707997,7,,9999,"1 large pie (10"" dia plus)",61660,2000,,,
300805,2707997,8,,9999,1 surface inch,52000,18.9,,,
300799,2707997,2,,9999,1 regular slice,61813,150,,,
300816,2707999,1,,9999,1 mini/small slice,62057,75,,,
300817,2707999,2,,9999,1 regular slice,61813,150,,,
300821,2707999,6,,9999,"1 regular pie (8-9"" dia)",64751,1200,,,
300819,2707999,4,,9999,1 individual pie,60877,150,,,
300818,2707999,3,,9999,1 large slice,61069,250,,,
300824,2707999,9,,9999,Quantity not specified,90000,150,,,
300822,2707999,7,,9999,"1 large pie (10"" dia plus)",61660,2000,,,
300823,2707999,8,,9999,1 surface inch,52000,18.9,,,
300820,2707999,5,,9999,1 cup,10205,250,,,
300828,2708000,4,,9999,1 cup,10205,250,,,
300829,2708000,5,,9999,1 surface inch,52000,18.9,,,
300830,2708000,6,,9999,Quantity not specified,90000,150,,,
300827,2708000,3,,9999,1 individual pie,60877,150,,,
300826,2708000,2,,9999,"1 pie, any size",64752,1600,,,
300825,2708000,1,,9999,"1 slice, any size",64612,150,,,
300844,2708002,8,,9999,1 surface inch,52000,18.9,,,
300843,2708002,7,,9999,"1 large pie (10"" dia plus)",61660,2000,,,
300842,2708002,6,,9999,"1 regular pie (8-9"" dia)",64751,1200,,,
300841,2708002,5,,9999,1 cup,10205,250,,,
300838,2708002,2,,9999,1 regular slice,61813,150,,,
300839,2708002,3,,9999,1 large slice,61069,250,,,
300840,2708002,4,,9999,1 individual pie,60877,150,,,
300845,2708002,9,,9999,Quantity not specified,90000,150,,,
300837,2708002,1,,9999,1 mini/small slice,62057,75,,,
300930,2708015,9,,9999,Quantity not specified,90000,150,,,
300929,2708015,8,,9999,1 surface inch,52000,18.9,,,
300922,2708015,1,,9999,1 mini/small slice,62057,75,,,
300926,2708015,5,,9999,1 cup,10205,250,,,
300928,2708015,7,,9999,"1 large pie (10"" dia plus)",61660,2000,,,
300924,2708015,3,,9999,1 large slice,61069,250,,,
300927,2708015,6,,9999,"1 regular pie (8-9"" dia)",64751,1200,,,
300925,2708015,4,,9999,1 individual pie,60877,150,,,
300923,2708015,2,,9999,1 regular slice,61813,150,,,
300939,2708017,3,,9999,Quantity not specified,90000,25,,,
300937,2708017,1,,9999,1 tart shell,62289,25,,,
300938,2708017,2,,9999,"1 pie shell (9"" dia)",61666,170,,,
301017,2708044,1,,9999,1 piece,61667,80,,,
301018,2708044,2,,9999,1 cubic inch,51000,13,,,
301019,2708044,3,,9999,Quantity not specified,90000,80,,,
301021,2708045,2,,9999,1 cubic inch,51000,20,,,
301022,2708045,3,,9999,Quantity not specified,90000,80,,,
301020,2708045,1,,9999,1 piece,61667,80,,,
302412,2708304,8,,9999,Quantity not specified,90000,100,,,
302411,2708304,7,,9999,1 surface inch,52000,1.9,,,
302405,2708304,1,,9999,1 miniature/bite size pancake,64595,10,,,
302407,2708304,3,,9999,1 small pancake,64607,20,,,
302409,2708304,5,,9999,1 large pancake,64609,90,,,
302406,2708304,2,,9999,1 silver dollar pancake,64291,20,,,
302410,2708304,6,,9999,1 extra large pancake,64597,150,,,
302408,2708304,4,,9999,1 medium pancake,64608,50,,,
302427,2708306,7,,9999,1 surface inch,52000,1.9,,,
302425,2708306,5,,9999,1 large pancake,64609,90,,,
302428,2708306,8,,9999,Quantity not specified,90000,100,,,
302421,2708306,1,,9999,1 miniature/bite size pancake,64595,10,,,
302423,2708306,3,,9999,1 small pancake,64607,20,,,
302422,2708306,2,,9999,1 silver dollar pancake,64291,20,,,
302424,2708306,4,,9999,1 medium pancake,64608,50,,,
302426,2708306,6,,9999,1 extra large pancake,64597,150,,,
302430,2708307,2,,9999,1 silver dollar pancake,64291,20,,,
302434,2708307,6,,9999,1 extra large pancake,64597,150,,,
302432,2708307,4,,9999,1 medium pancake,64608,50,,,
302429,2708307,1,,9999,1 miniature/bite size pancake,64595,10,,,
302435,2708307,7,,9999,1 surface inch,52000,1.9,,,
302436,2708307,8,,9999,Quantity not specified,90000,100,,,
302433,2708307,5,,9999,1 large pancake,64609,90,,,
302431,2708307,3,,9999,1 small pancake,64607,20,,,
302559,2708325,5,,9999,1 thick / Belgian waffle,64604,135,,,
302557,2708325,3,,9999,1 medium waffle,64602,75,,,
302558,2708325,4,,9999,1 large waffle,64603,125,,,
302555,2708325,1,,9999,1 miniature/bite size waffle,64600,10,,,
302562,2708325,8,,9999,Quantity not specified,90000,75,,,
302556,2708325,2,,9999,1 small waffle,64601,40,,,
302560,2708325,6,,9999,1 surface inch,52000,2.5,,,
302561,2708325,7,,9999,"1 surface inch, Belgian waffle",52001,3.7,,,
302565,2708326,3,,9999,1 medium waffle,64602,75,,,
302564,2708326,2,,9999,1 small waffle,64601,40,,,
302563,2708326,1,,9999,1 miniature/bite size waffle,64600,10,,,
302569,2708326,7,,9999,"1 surface inch, Belgian waffle",52001,3.7,,,
302570,2708326,8,,9999,Quantity not specified,90000,75,,,
302568,2708326,6,,9999,1 surface inch,52000,2.5,,,
302567,2708326,5,,9999,1 thick / Belgian waffle,64604,135,,,
302566,2708326,4,,9999,1 large waffle,64603,125,,,
302577,2708327,7,,9999,"1 surface inch, Belgian waffle",52001,3.7,,,
302575,2708327,5,,9999,1 thick / Belgian waffle,64604,135,,,
302573,2708327,3,,9999,1 medium waffle,64602,75,,,
302571,2708327,1,,9999,1 miniature/bite size waffle,64600,10,,,
302572,2708327,2,,9999,1 small waffle,64601,40,,,
302578,2708327,8,,9999,Quantity not specified,90000,75,,,
302576,2708327,6,,9999,1 surface inch,52000,2.5,,,
302574,2708327,4,,9999,1 large waffle,64603,125,,,
302586,2708328,8,,9999,Quantity not specified,90000,75,,,
302582,2708328,4,,9999,1 large waffle,64603,125,,,
302583,2708328,5,,9999,1 thick / Belgian waffle,64604,135,,,
302579,2708328,1,,9999,1 miniature/bite size waffle,64600,10,,,
302585,2708328,7,,9999,"1 surface inch, Belgian waffle",52001,3.7,,,
302580,2708328,2,,9999,1 small waffle,64601,40,,,
302581,2708328,3,,9999,1 medium waffle,64602,75,,,
302584,2708328,6,,9999,1 surface inch,52000,2.5,,,
302629,2708342,1,,9999,"1 crepe, any size",64593,65,,,
302630,2708342,2,,9999,1 surface inch,52000,1.3,,,
302631,2708342,3,,9999,Quantity not specified,90000,65,,,
302633,2708343,2,,9999,Quantity not specified,90000,28,,,
302632,2708343,1,,9999,1 pancake,61602,28,,,
302639,2708346,1,,9999,1 item,64720,38,,,
302640,2708346,2,,9999,1 surface inch,52000,9.8,,,
302641,2708346,3,,9999,Quantity not specified,90000,76,,,
302646,2708347,5,,9999,Quantity not specified,90000,80,,,
302642,2708347,1,,9999,1 small,62015,35,,,
302644,2708347,3,,9999,1 large,60919,155,,,
302645,2708347,4,,9999,1 surface inch,52000,1,,,
302643,2708347,2,,9999,1 medium,61238,80,,,
303174,2708505,1,,9999,1 cup,10205,170,,,
303175,2708505,2,,9999,Quantity not specified,90000,170,,,
303176,2708506,1,,9999,1 cup,10205,150,,,
303177,2708506,2,,9999,Quantity not specified,90000,150,,,
303179,2708507,2,,9999,1 cup,10205,120,,,
303178,2708507,1,,9999,1 pizza,64029,100,,,
303180,2708507,3,,9999,Quantity not specified,90000,100,,,
303457,2708566,2,,9999,1 cup,10205,170,,,
303458,2708566,3,,9999,Quantity not specified,90000,150,,,
303456,2708566,1,,9999,"1 enchilada, any size",60730,150,,,
303460,2708567,2,,9999,1 cup,10205,170,,,
303461,2708567,3,,9999,Quantity not specified,90000,150,,,
303459,2708567,1,,9999,"1 enchilada, any size",60730,150,,,
303472,2708571,2,,9999,1 cup,10205,170,,,
303471,2708571,1,,9999,"1 item, any size",64756,140,,,
303473,2708571,3,,9999,Quantity not specified,90000,140,,,
303475,2708572,2,,9999,1 cup,10205,170,,,
303474,2708572,1,,9999,"1 item, any size",64756,140,,,
303476,2708572,3,,9999,Quantity not specified,90000,140,,,
303479,2708573,3,,9999,Quantity not specified,90000,140,,,
303478,2708573,2,,9999,1 cup,10205,170,,,
303477,2708573,1,,9999,"1 item, any size",64756,140,,,
303481,2708574,2,,9999,1 cup,10205,170,,,
303480,2708574,1,,9999,"1 item, any size",64756,140,,,
303482,2708574,3,,9999,Quantity not specified,90000,140,,,
303528,2708585,3,,9999,Quantity not specified,90000,175,,,
303527,2708585,2,,9999,1 cup,10205,120,,,
303526,2708585,1,,9999,"1 item, any size",64756,175,,,
303532,2708587,1,,9999,"1 item, any size",64756,190,,,
303533,2708587,2,,9999,1 cup,10205,120,,,
303534,2708587,3,,9999,Quantity not specified,90000,190,,,
303576,2708597,1,,9999,1 full circle,64773,140,,,
303580,2708597,5,,9999,Quantity not specified,90000,70,,,
303579,2708597,4,,9999,1 cup,10205,95,,,
303578,2708597,3,,9999,1 triangular piece,64775,35,,,
303577,2708597,2,,9999,1 half circle,64774,70,,,
303603,2708601,6,,9999,Quantity not specified,90000,70,,,
303599,2708601,2,,9999,1 small/regular taquito,64414,70,,,
303598,2708601,1,,9999,1 miniature taquito,62287,35,,,
303601,2708601,4,,9999,"1 flauta, any size",60781,105,,,
303600,2708601,3,,9999,1 large taquito,64416,105,,,
303602,2708601,5,,9999,1 cup,10205,120,,,
303606,2708602,3,,9999,1 large taquito,64416,105,,,
303607,2708602,4,,9999,"1 flauta, any size",60781,105,,,
303608,2708602,5,,9999,1 cup,10205,120,,,
303604,2708602,1,,9999,1 miniature taquito,62287,35,,,
303609,2708602,6,,9999,Quantity not specified,90000,70,,,
303605,2708602,2,,9999,1 small/regular taquito,64414,70,,,
303613,2708604,1,,9999,1 fajita,63889,95,,,
303615,2708604,3,,9999,Quantity not specified,90000,95,,,
303614,2708604,2,,9999,1 cup,10205,120,,,
303619,2708606,1,,9999,1 fajita,63889,95,,,
303621,2708606,3,,9999,Quantity not specified,90000,95,,,
303620,2708606,2,,9999,1 cup,10205,120,,,
303631,2708610,1,,9999,"1 item, any size",64756,130,,,
303633,2708610,3,,9999,Quantity not specified,90000,130,,,
303632,2708610,2,,9999,1 cup,10205,170,,,
303710,2708618,4,,9999,"1 personal size pizza (5-7"" diameter)",64363,240,,,
303711,2708618,5,,9999,"1 medium pizza (11-12"" diameter)",64365,800,,,
303708,2708618,2,,9999,"1 piece, medium pizza",64369,100,,,
303714,2708618,8,,9999,Quantity not specified,90000,296,,,
303709,2708618,3,,9999,"1 piece, large pizza",64370,148,,,
303713,2708618,7,,9999,1 surface inch,52000,7.7,,,
303712,2708618,6,,9999,"1 large pizza (13-15"" diameter)",64366,1184,,,
303707,2708618,1,,9999,"1 piece, NFS",63542,148,,,
303739,2708622,10,,9999,"1 extra-large pizza (16-18"" diameter)",64367,1056,,,
303732,2708622,3,,9999,"1 piece, medium pizza",64369,66,,,
303738,2708622,9,,9999,"1 large pizza (13-15"" diameter)",64366,732,,,
303735,2708622,6,,9999,"1 personal size pizza (5-7"" diameter)",64363,136,,,
303740,2708622,11,,9999,1 surface inch,52000,4.8,,,
303733,2708622,4,,9999,"1 piece, large pizza",64370,92,,,
303741,2708622,12,,9999,Quantity not specified,90000,184,,,
303730,2708622,1,,9999,"1 piece, NFS",63542,92,,,
303731,2708622,2,,9999,"1 piece, small pizza",64368,63,,,
303734,2708622,5,,9999,"1 piece, extra-large pizza",64417,106,,,
303737,2708622,8,,9999,"1 medium pizza (11-12"" diameter)",64365,528,,,
303736,2708622,7,,9999,"1 small pizza (8-10"" diameter)",64364,377,,,
303749,2708623,8,,9999,"1 medium pizza (11-12"" diameter)",64365,792,,,
303742,2708623,1,,9999,"1 piece, NFS",63542,141,,,
303753,2708623,12,,9999,1/2 English muffin,62379,58,,,
303744,2708623,3,,9999,"1 piece, medium pizza",64369,99,,,
303745,2708623,4,,9999,"1 piece, large pizza",64370,141,,,
303752,2708623,11,,9999,1/2 bagel,64620,98,,,
303748,2708623,7,,9999,"1 small pizza (8-10"" diameter)",64364,565,,,
303756,2708623,29,,9999,Quantity not specified,90000,282,,,
303751,2708623,10,,9999,"1 extra-large pizza (16-18"" diameter)",64367,1448,,,
303755,2708623,14,,9999,1 surface inch,52000,7.2,,,
303750,2708623,9,,9999,"1 large pizza (13-15"" diameter)",64366,1112,,,
303746,2708623,5,,9999,"1 piece, extra-large pizza",64417,145,,,
303743,2708623,2,,9999,"1 piece, small pizza",64368,94,,,
303747,2708623,6,,9999,"1 personal size pizza (5-7"" diameter)",64363,232,,,
303754,2708623,13,,9999,1 French bread,60099,154,,,
304095,2708657,7,,9999,"1 small pizza (8-10"" diameter)",64364,487,,,
304097,2708657,9,,9999,"1 large pizza (13-15"" diameter)",64366,957,,,
304090,2708657,2,,9999,"1 piece, small pizza",64368,81,,,
304089,2708657,1,,9999,"1 piece, NFS",63542,120,,,
304098,2708657,10,,9999,"1 extra-large pizza (16-18"" diameter)",64367,1246,,,
304099,2708657,11,,9999,1 surface inch,52000,6.2,,,
304091,2708657,3,,9999,"1 piece, medium pizza",64369,90,,,
304093,2708657,5,,9999,"1 piece, extra-large pizza",64417,125,,,
304100,2708657,12,,9999,Quantity not specified,90000,240,,,
304096,2708657,8,,9999,"1 medium pizza (11-12"" diameter)",64365,720,,,
304094,2708657,6,,9999,"1 personal size pizza (5-7"" diameter)",64363,175,,,
304092,2708657,4,,9999,"1 piece, large pizza",64370,120,,,
304117,2708659,5,,9999,"1 piece, extra-large pizza",64417,177,,,
304119,2708659,7,,9999,"1 small pizza (8-10"" diameter)",64364,675,,,
304118,2708659,6,,9999,"1 personal size pizza (5-7"" diameter)",64363,283,,,
304122,2708659,10,,9999,"1 extra-large pizza (16-18"" diameter)",64367,1729,,,
304121,2708659,9,,9999,"1 large pizza (13-15"" diameter)",64366,1328,,,
304113,2708659,1,,9999,"1 piece, NFS",63542,166,,,
304124,2708659,12,,9999,1/2 English muffin,62379,68,,,
304125,2708659,13,,9999,1 French bread,60099,184,,,
304114,2708659,2,,9999,"1 piece, small pizza",64368,112,,,
304115,2708659,3,,9999,"1 piece, medium pizza",64369,131,,,
304126,2708659,14,,9999,1 surface inch,52000,8.6,,,
304120,2708659,8,,9999,"1 medium pizza (11-12"" diameter)",64365,1051,,,
304123,2708659,11,,9999,1/2 bagel,64620,117,,,
304127,2708659,30,,9999,Quantity not specified,90000,332,,,
304116,2708659,4,,9999,"1 piece, large pizza",64370,166,,,
304305,2708674,10,,9999,"1 extra-large pizza (16-18"" diameter)",64367,809,,,
304296,2708674,1,,9999,"1 piece, NFS",63542,75,,,
304307,2708674,13,,9999,Quantity not specified,90000,150,,,
304306,2708674,11,,9999,1 surface inch,52000,3.9,,,
304300,2708674,5,,9999,"1 piece, extra-large pizza",64417,81,,,
304301,2708674,6,,9999,"1 personal size pizza (5-7"" diameter)",64363,110,,,
304303,2708674,8,,9999,"1 medium pizza (11-12"" diameter)",64365,432,,,
304297,2708674,2,,9999,"1 piece, small pizza",64368,51,,,
304299,2708674,4,,9999,"1 piece, large pizza",64370,75,,,
304298,2708674,3,,9999,"1 piece, medium pizza",64369,54,,,
304304,2708674,9,,9999,"1 large pizza (13-15"" diameter)",64366,599,,,
304302,2708674,7,,9999,"1 small pizza (8-10"" diameter)",64364,306,,,
304320,2708675,13,,9999,1 French bread,60099,125,,,
304321,2708675,15,,9999,1 surface inch,52000,6.4,,,
304308,2708675,1,,9999,"1 piece, NFS",63542,124,,,
304310,2708675,3,,9999,"1 piece, medium pizza",64369,84,,,
304311,2708675,4,,9999,"1 piece, large pizza",64370,124,,,
304315,2708675,8,,9999,"1 medium pizza (11-12"" diameter)",64365,676,,,
304317,2708675,10,,9999,"1 extra-large pizza (16-18"" diameter)",64367,1287,,,
304322,2708675,31,,9999,Quantity not specified,90000,248,,,
304316,2708675,9,,9999,"1 large pizza (13-15"" diameter)",64366,988,,,
304313,2708675,6,,9999,"1 personal size pizza (5-7"" diameter)",64363,207,,,
304319,2708675,12,,9999,1/2 English muffin,62379,46,,,
304309,2708675,2,,9999,"1 piece, small pizza",64368,82,,,
304318,2708675,11,,9999,1/2 bagel,64620,79,,,
304314,2708675,7,,9999,"1 small pizza (8-10"" diameter)",64364,495,,,
304312,2708675,5,,9999,"1 piece, extra-large pizza",64417,129,,,
304331,2708676,9,,9999,"1 large pizza (13-15"" diameter)",64366,732,,,
304327,2708676,5,,9999,"1 piece, extra-large pizza",64417,106,,,
304330,2708676,8,,9999,"1 medium pizza (11-12"" diameter)",64365,528,,,
304333,2708676,11,,9999,1 surface inch,52000,4.8,,,
304332,2708676,10,,9999,"1 extra-large pizza (16-18"" diameter)",64367,1056,,,
304326,2708676,4,,9999,"1 piece, large pizza",64370,92,,,
304329,2708676,7,,9999,"1 small pizza (8-10"" diameter)",64364,377,,,
304323,2708676,1,,9999,"1 piece, NFS",63542,92,,,
304328,2708676,6,,9999,"1 personal size pizza (5-7"" diameter)",64363,136,,,
304325,2708676,3,,9999,"1 piece, medium pizza",64369,66,,,
304334,2708676,12,,9999,Quantity not specified,90000,184,,,
304324,2708676,2,,9999,"1 piece, small pizza",64368,63,,,
304343,2708677,9,,9999,"1 large pizza (13-15"" diameter)",64366,1112,,,
304349,2708677,15,,9999,Quantity not specified,90000,282,,,
304344,2708677,10,,9999,"1 extra-large pizza (16-18"" diameter)",64367,1448,,,
304347,2708677,13,,9999,1 French bread,60099,147,,,
304339,2708677,5,,9999,"1 piece, extra-large pizza",64417,145,,,
304340,2708677,6,,9999,"1 personal size pizza (5-7"" diameter)",64363,229,,,
304336,2708677,2,,9999,"1 piece, small pizza",64368,94,,,
304337,2708677,3,,9999,"1 piece, medium pizza",64369,99,,,
304345,2708677,11,,9999,1/2 bagel,64620,93,,,
304346,2708677,12,,9999,1/2 English muffin,62379,54,,,
304335,2708677,1,,9999,"1 piece, NFS",63542,141,,,
304342,2708677,8,,9999,"1 medium pizza (11-12"" diameter)",64365,792,,,
304341,2708677,7,,9999,"1 small pizza (8-10"" diameter)",64364,565,,,
304348,2708677,14,,9999,1 surface inch,52000,7.2,,,
304338,2708677,4,,9999,"1 piece, large pizza",64370,139,,,
304432,2708684,3,,9999,Quantity not specified,90000,106,,,
304431,2708684,1,,9999,1 calzone or stromboli,60481,424,,,
304434,2708685,2,,9999,1 cubic inch,51000,11.5,,,
304436,2708685,4,,9999,Quantity not specified,90000,106,,,
304433,2708685,1,,9999,1 calzone or stromboli,60481,424,,,
304435,2708685,3,,9999,1 Calizza,60073,217,,,
304437,2708686,1,,9999,1 cup,10205,119,,,
304442,2708686,7,,9999,Quantity not specified,90000,85,,,
304440,2708686,4,,9999,1 pizza bite,64622,14,,,
304439,2708686,3,,9999,1 Bagel Bite,60053,22,,,
304438,2708686,2,,9999,1 miniature roll,61482,14,,,
304441,2708686,5,,9999,1 pizza roll,64621,14,,,
304612,2708700,2,,9999,1 egg roll,60720,64,,,
304611,2708700,1,,9999,1 miniature egg roll,61478,13,,,
304613,2708700,3,,9999,Quantity not specified,90000,100,,,
304617,2708701,4,,9999,Quantity not specified,90000,100,,,
304616,2708701,3,,9999,1 cup,10205,125,,,
304614,2708701,1,,9999,1 miniature egg roll,61478,13,,,
304615,2708701,2,,9999,1 egg roll,60720,64,,,
304647,2708710,3,,9999,Quantity not specified,90000,100,,,
304645,2708710,1,,9999,1 small/individual,64770,35,,,
304646,2708710,2,,9999,1 regular/large,61109,130,,,
304650,2708711,3,,9999,Quantity not specified,90000,105,,,
304649,2708711,2,,9999,1 regular/large,61109,130,,,
304648,2708711,1,,9999,1 small/individual,64770,35,,,
304656,2708713,3,,9999,Quantity not specified,90000,105,,,
304654,2708713,1,,9999,1 small/individual,64770,35,,,
304655,2708713,2,,9999,1 regular/large,61109,130,,,
304670,2708719,3,,9999,Quantity not specified,90000,155,,,
304669,2708719,2,,9999,1 surface inch,52000,3.1,,,
304668,2708719,1,,9999,"1 crepe with filling, any size",64594,155,,,
304671,2708720,1,,9999,"1 item, any size",64756,40,,,
304673,2708720,3,,9999,Quantity not specified,90000,80,,,
304672,2708720,2,,9999,1 cup,10205,80,,,
304675,2708721,2,,9999,Quantity not specified,90000,70,,,
304674,2708721,1,,9999,1 cup,10205,70,,,
304677,2708722,2,,9999,Quantity not specified,90000,188,,,
304678,2708722,3,,9999,1 piece,61667,26,,,
304676,2708722,1,,9999,1 cup,10205,188,,,
304679,2708723,1,,9999,"1 item, any size",64756,60,,,
304680,2708723,2,,9999,Quantity not specified,90000,60,,,
304682,2708724,2,,9999,Quantity not specified,90000,100,,,
304681,2708724,1,,9999,"1 item, any size",64756,100,,,
304683,2708725,1,,9999,"1 item, any size",64756,100,,,
304684,2708725,2,,9999,Quantity not specified,90000,100,,,
304694,2708729,4,,9999,1 cubic inch,51000,12,,,
304692,2708729,2,,9999,1 regular/large,61109,120,,,
304691,2708729,1,,9999,1 small/individual,64770,30,,,
304693,2708729,3,,9999,1 cup,10205,120,,,
304695,2708729,5,,9999,Quantity not specified,90000,90,,,
304696,2708730,1,,9999,1 small/individual,64770,25,,,
304697,2708730,2,,9999,1 regular/large,61109,100,,,
304698,2708730,3,,9999,Quantity not specified,90000,75,,,
304745,2708741,2,,9999,1 regular/large,61109,130,,,
304746,2708741,3,,9999,Quantity not specified,90000,105,,,
304744,2708741,1,,9999,1 small/individual,64770,35,,,
304753,2708744,1,,9999,1 biscuit with gravy,63830,220,,,
304754,2708744,2,,9999,Quantity not specified,90000,220,,,
304757,2708745,3,,9999,1 cubic inch,51000,7.6,,,
304756,2708745,2,,9999,1 cup,10205,92,,,
304758,2708745,4,,9999,Quantity not specified,90000,92,,,
304755,2708745,1,,9999,"1 piece (2-1/2"" x 2-1/2"" x 1-1/2"")",61717,67,,,
304769,2708750,3,,9999,1 cup,10205,250,,,
304767,2708750,1,,9999,"1 piece (1/6 of 8"" square, approx 2-1/2"" x 4"")",61700,206,,,
304768,2708750,2,,9999,"1 piece (1/8 of 7"" x 12"", approx 3-1/2"" x 3"")",61706,232,,,
304771,2708750,6,,9999,Quantity not specified,90000,250,,,
304770,2708750,4,,9999,1 surface inch,52000,20.7,,,
304773,2708751,2,,9999,1 can (15 oz),63669,425,,,
304774,2708751,3,,9999,Quantity not specified,90000,250,,,
304772,2708751,1,,9999,1 cup,10205,250,,,
304775,2708752,1,,9999,"1 piece (1/6 of 8"" square, approx 2-1/2"" x 4"")",61700,206,,,
304777,2708752,3,,9999,1 cup,10205,250,,,
304779,2708752,5,,9999,Quantity not specified,90000,250,,,
304776,2708752,2,,9999,"1 piece (1/8 of 7"" x 12"", approx 3-1/2"" x 3"")",61706,232,,,
304778,2708752,4,,9999,1 surface inch,52000,20.7,,,
304781,2708753,2,,9999,"1 piece (1/8 of 7"" x 12"", approx 3-1/2"" x 3"")",61706,232,,,
304784,2708753,5,,9999,Quantity not specified,90000,250,,,
304780,2708753,1,,9999,"1 piece (1/6 of 8"" square, approx 2-1/2"" x 4"")",61700,206,,,
304782,2708753,3,,9999,1 cup,10205,250,,,
304783,2708753,4,,9999,1 surface inch,52000,20.7,,,
304788,2708754,4,,9999,1 surface inch,52000,20.7,,,
304789,2708754,5,,9999,Quantity not specified,90000,250,,,
304785,2708754,1,,9999,"1 piece (1/6 of 8"" square, approx 2-1/2"" x 4"")",61700,206,,,
304787,2708754,3,,9999,1 cup,10205,250,,,
304786,2708754,2,,9999,"1 piece (1/8 of 7"" x 12"", approx 3-1/2"" x 3"")",61706,232,,,
304796,2708755,8,,9999,Quantity not specified,90000,250,,,
304792,2708755,3,,9999,"1 lasagna (8"" square)",61112,1235,,,
304790,2708755,1,,9999,"1 piece (1/6 of 8"" square, approx 2-1/2"" x 4"")",61700,206,,,
304793,2708755,4,,9999,"1 lasagna (7"" x 12"")",61111,1860,,,
304794,2708755,5,,9999,1 cup,10205,250,,,
304791,2708755,2,,9999,"1 piece (1/8 of 7"" x 12"", approx 3-1/2"" x 3"")",61706,232,,,
304795,2708755,6,,9999,1 surface inch,52000,20.7,,,
304799,2708756,3,,9999,1 cup,10205,250,,,
304798,2708756,2,,9999,"1 piece (1/8 of 7"" x 12"", approx 3-1/2"" x 3"")",61706,232,,,
304800,2708756,4,,9999,1 surface inch,52000,20.7,,,
304797,2708756,1,,9999,"1 piece (1/6 of 8"" square, approx 2-1/2"" x 4"")",61700,206,,,
304801,2708756,6,,9999,Quantity not specified,90000,250,,,
304810,2708758,2,,9999,"1 piece (1/8 of 7"" x 12"", approx 3-1/2"" x 3"")",61706,256,,,
304809,2708758,1,,9999,"1 piece (1/6 of 8"" square, approx 2-1/2"" x 4"")",61700,227,,,
304815,2708758,8,,9999,Quantity not specified,90000,250,,,
304814,2708758,6,,9999,1 surface inch,52000,22.8,,,
304813,2708758,5,,9999,1 cup,10205,250,,,
304811,2708758,3,,9999,"1 lasagna (8"" square)",61112,1360,,,
304821,2708759,6,,9999,1 surface inch,52000,22.8,,,
304817,2708759,2,,9999,"1 piece (1/8 of 7"" x 12"", approx 3-1/2"" x 3"")",61706,256,,,
304820,2708759,5,,9999,1 cup,10205,250,,,
304822,2708759,8,,9999,Quantity not specified,90000,250,,,
304816,2708759,1,,9999,"1 piece (1/6 of 8"" square, approx 2-1/2"" x 4"")",61700,227,,,
304818,2708759,3,,9999,"1 lasagna (8"" square)",61112,1360,,,
304832,2708763,1,,9999,1 piece,61667,15,,,
304833,2708763,2,,9999,1 cup,10205,160,,,
304834,2708763,3,,9999,Quantity not specified,90000,160,,,
304846,2708767,2,,9999,1 cup,10205,160,,,
304847,2708767,3,,9999,Quantity not specified,90000,160,,,
304845,2708767,1,,9999,1 piece,61667,15,,,
304870,2708775,1,,9999,1 manicotti,61185,127,,,
304871,2708775,2,,9999,Quantity not specified,90000,209,,,
304905,2708790,1,,9999,1 cup,10205,190,,,
304906,2708790,2,,9999,Quantity not specified,90000,190,,,
304925,2708799,1,,9999,1 cup,10205,200,,,
304926,2708799,2,,9999,Quantity not specified,90000,200,,,
304927,2708800,1,,9999,1 cup,10205,200,,,
304928,2708800,2,,9999,Quantity not specified,90000,200,,,
304929,2708801,1,,9999,1 cup,10205,200,,,
304930,2708801,2,,9999,Quantity not specified,90000,200,,,
304932,2708802,2,,9999,Quantity not specified,90000,200,,,
304931,2708802,1,,9999,1 cup,10205,200,,,
304933,2708803,1,,9999,1 cup,10205,200,,,
304934,2708803,2,,9999,Quantity not specified,90000,200,,,
304937,2708805,1,,9999,1 cup,10205,200,,,
304938,2708805,2,,9999,Quantity not specified,90000,200,,,
304939,2708806,1,,9999,1 cup,10205,200,,,
304940,2708806,2,,9999,Quantity not specified,90000,200,,,
304941,2708807,1,,9999,1 cup,10205,200,,,
304942,2708807,2,,9999,Quantity not specified,90000,200,,,
304943,2708808,1,,9999,1 cup,10205,200,,,
304944,2708808,2,,9999,Quantity not specified,90000,200,,,
304946,2708809,2,,9999,Quantity not specified,90000,224,,,
304945,2708809,1,,9999,1 cup,10205,224,,,
305323,2708930,4,,9999,Quantity not specified,90000,185,,,
305322,2708930,2,,9999,"1 oz, dry, yields",40049,115,,,
305321,2708930,1,,9999,1 cup,10205,185,,,
305345,2708941,2,,9999,Quantity not specified,90000,136,,,
305344,2708941,1,,9999,1 cup,10205,204,,,
305346,2708942,1,,9999,1 cup,10205,204,,,
305347,2708942,2,,9999,Quantity not specified,90000,136,,,
305358,2708948,1,,9999,1 cup,10205,204,,,
305359,2708948,2,,9999,Quantity not specified,90000,136,,,
305360,2708949,1,,9999,1 cup,10205,200,,,
305361,2708949,2,,9999,1 cubic inch,51000,10,,,
305362,2708949,3,,9999,Quantity not specified,90000,100,,,
305364,2708950,2,,9999,Quantity not specified,90000,121,,,
305363,2708950,1,,9999,1 cup,10205,162,,,
305366,2708951,2,,9999,Quantity not specified,90000,166,,,
305365,2708951,1,,9999,1 cup,10205,166,,,
305380,2708958,2,,9999,Quantity not specified,90000,244,,,
305379,2708958,1,,9999,1 cup,10205,244,,,
305385,2708960,2,,9999,1 cup,10205,150,,,
305384,2708960,1,,9999,1 piece,61667,30,,,
305386,2708960,3,,9999,Quantity not specified,90000,180,,,
305388,2708961,2,,9999,1 cup,10205,150,,,
305389,2708961,3,,9999,Quantity not specified,90000,180,,,
305387,2708961,1,,9999,1 piece,61667,30,,,
305391,2708962,2,,9999,1 cup,10205,150,,,
305392,2708962,3,,9999,Quantity not specified,90000,180,,,
305390,2708962,1,,9999,1 piece,61667,30,,,
305393,2708963,1,,9999,1 piece,61667,30,,,
305394,2708963,2,,9999,1 cup,10205,150,,,
305395,2708963,3,,9999,Quantity not specified,90000,180,,,
305398,2708964,3,,9999,Quantity not specified,90000,180,,,
305397,2708964,2,,9999,1 cup,10205,150,,,
305396,2708964,1,,9999,1 piece,61667,30,,,
305401,2708965,3,,9999,Quantity not specified,90000,180,,,
305399,2708965,1,,9999,1 piece,61667,30,,,
305400,2708965,2,,9999,1 cup,10205,150,,,
305403,2708966,2,,9999,1 cup,10205,132,,,
305402,2708966,1,,9999,1 piece,61667,22,,,
305404,2708966,3,,9999,Quantity not specified,90000,132,,,
305406,2708967,2,,9999,1 cup,10205,140,,,
305407,2708967,3,,9999,Quantity not specified,90000,210,,,
305405,2708967,1,,9999,1 piece,61667,35,,,
305410,2708968,3,,9999,Quantity not specified,90000,210,,,
305408,2708968,1,,9999,1 piece,61667,35,,,
305409,2708968,2,,9999,1 cup,10205,140,,,
305417,2708971,1,,9999,1 piece,61667,35,,,
305419,2708971,3,,9999,Quantity not specified,90000,210,,,
305418,2708971,2,,9999,1 cup,10205,140,,,
305420,2708972,1,,9999,1 piece,61667,50,,,
305422,2708972,3,,9999,Quantity not specified,90000,200,,,
305421,2708972,2,,9999,1 cup,10205,150,,,
305445,2708983,1,,9999,1 cup,10205,255,,,
305446,2708983,2,,9999,Quantity not specified,90000,255,,,
305448,2708984,2,,9999,Quantity not specified,90000,255,,,
305447,2708984,1,,9999,1 cup,10205,255,,,
305450,2708985,2,,9999,Quantity not specified,90000,215,,,
305449,2708985,1,,9999,1 cup,10205,172,,,
305460,2708990,2,,9999,Quantity not specified,90000,170,,,
305459,2708990,1,,9999,1 cup,10205,170,,,
305545,2709033,1,,9999,1 cup,10205,170,,,
305546,2709033,2,,9999,Quantity not specified,90000,170,,,
305621,2709071,1,,9999,"1 croquette (1-1/2"" dia, 2"" high)",60638,62,,,
305622,2709071,2,,9999,Quantity not specified,90000,62,,,
305639,2709077,2,,9999,Quantity not specified,90000,155,,,
305638,2709077,1,,9999,1 cup,10205,206,,,
305641,2709078,2,,9999,Quantity not specified,90000,148,,,
305640,2709078,1,,9999,1 cup,10205,198,,,
305644,2709079,3,,9999,Quantity not specified,90000,164,,,
305643,2709079,2,,9999,1 package (6 oz) yields,61564,486,,,
305642,2709079,1,,9999,1 cup,10205,218,,,
305659,2709085,2,,9999,Quantity not specified,90000,182,,,
305658,2709085,1,,9999,1 cup,10205,243,,,
305667,2709089,2,,9999,Quantity not specified,90000,125,,,
305666,2709089,1,,9999,1 cup,10205,167,,,
305668,2709090,1,,9999,1 cup,10205,185,,,
305669,2709090,2,,9999,Quantity not specified,90000,139,,,
305752,2709130,2,,9999,Quantity not specified,90000,60,,,
305751,2709130,1,,9999,"1 item, any size",64756,30,,,
305753,2709131,1,,9999,1 cup,10205,160,,,
305754,2709131,2,,9999,Quantity not specified,90000,80,,,
305776,2709136,2,,9999,Quantity not specified,90000,165,,,
305775,2709136,1,,9999,"1 sandwich, any size",64736,165,,,
305781,2709138,2,,9999,1 sandwich (1 slice bread),64719,50,,,
305782,2709138,3,,9999,Quantity not specified,90000,100,,,
305780,2709138,1,,9999,1 sandwich,61853,100,,,
305785,2709139,3,,9999,Quantity not specified,90000,100,,,
305784,2709139,2,,9999,1 sandwich (1 slice bread),64719,50,,,
305783,2709139,1,,9999,1 sandwich,61853,100,,,
305799,2709146,1,,9999,1 cup,10205,245,,,
305800,2709146,2,,9999,Quantity not specified,90000,245,,,
305803,2709147,3,,9999,1 individual container,60868,440,,,
305801,2709147,1,,9999,1 cup,10205,245,,,
305804,2709147,4,,9999,Quantity not specified,90000,245,,,
305802,2709147,2,,9999,1 can,60482,525,,,
305816,2709151,2,,9999,Quantity not specified,90000,245,,,
305815,2709151,1,,9999,1 cup,10205,245,,,
305824,2709154,2,,9999,Quantity not specified,90000,245,,,
305823,2709154,1,,9999,1 cup,10205,245,,,
305827,2709156,1,,9999,1 cup,10205,245,,,
305828,2709156,2,,9999,Quantity not specified,90000,245,,,
305830,2709157,2,,9999,Quantity not specified,90000,245,,,
305829,2709157,1,,9999,1 cup,10205,245,,,
305835,2709160,1,,9999,1 cup,10205,245,,,
305836,2709160,2,,9999,Quantity not specified,90000,245,,,
305842,2709162,4,,9999,Quantity not specified,90000,245,,,
305840,2709162,2,,9999,1 can,60482,525,,,
305841,2709162,3,,9999,1 individual container,60868,440,,,
305839,2709162,1,,9999,1 cup,10205,245,,,
306392,2709311,2,,9999,Quantity not specified,90000,245,,,
306391,2709311,1,,9999,1 cup,10205,245,,,
307540,2709556,3,,9999,1 individual container,60868,440,,,
307541,2709556,4,,9999,Quantity not specified,90000,255,,,
307538,2709556,1,,9999,1 cup,10205,255,,,
307539,2709556,2,,9999,1 can,60482,525,,,
307545,2709557,4,,9999,Quantity not specified,90000,255,,,
307544,2709557,3,,9999,1 individual container,60868,440,,,
307543,2709557,2,,9999,1 can,60482,525,,,
307542,2709557,1,,9999,1 cup,10205,255,,,
307811,2709659,4,,9999,Quantity not specified,90000,255,,,
307810,2709659,3,,9999,1 individual container,60868,440,,,
307808,2709659,1,,9999,1 cup,10205,255,,,
307809,2709659,2,,9999,1 can,60482,525,,,
308037,2709718,3,,9999,1 individual container,60868,440,,,
308036,2709718,2,,9999,1 can,60482,525,,,
308035,2709718,1,,9999,1 cup,10205,245,,,
308038,2709718,4,,9999,Quantity not specified,90000,245,,,
308166,2709757,1,,9999,1 cup,10205,245,,,
308167,2709757,2,,9999,Quantity not specified,90000,245,,,
308168,2709758,1,,9999,1 cup,10205,255,,,
308170,2709758,3,,9999,1 individual container,60868,440,,,
308169,2709758,2,,9999,1 can,60482,525,,,
308171,2709758,4,,9999,Quantity not specified,90000,255,,,
308896,2709982,1,,9999,1 cup,10205,140,,,
308897,2709982,2,,9999,Quantity not specified,90000,30,,,
309129,2710071,3,,9999,1 slice,61935,10,,,
309130,2710071,4,,9999,Quantity not specified,90000,30,,,
309128,2710071,2,,9999,1 whole,62368,25,,,
309127,2710071,1,,9999,1 cup,10205,170,,,
309134,2710073,2,,9999,Quantity not specified,90000,15,,,
309133,2710073,1,,9999,1 tablespoon,21000,15,,,
309143,2710077,2,,9999,Quantity not specified,90000,30,,,
309142,2710077,1,,9999,1 cup,10205,150,,,
309145,2710078,2,,9999,1 miniature,61467,30,,,
309149,2710078,6,,9999,1 stacker,63970,21,,,
309150,2710078,7,,9999,1 cup,10205,155,,,
309144,2710078,1,,9999,1 regular,62862,80,,,
309146,2710078,3,,9999,1 half,60839,40,,,
309147,2710078,4,,9999,1 slice,61935,7,,,
309148,2710078,5,,9999,1 spear,62216,40,,,
309151,2710078,8,,9999,Quantity not specified,90000,30,,,
309155,2710079,4,,9999,Guideline amount on large sandwich,64547,30,,,
309152,2710079,1,,9999,1 tablespoon,21000,15,,,
309154,2710079,3,,9999,Guideline amount on regular sandwich,64546,15,,,
309153,2710079,2,,9999,1 individual packet,60876,9,,,
309156,2710079,5,,9999,Quantity not specified,90000,15,,,
309158,2710080,2,,9999,1 slice,61935,7,,,
309159,2710080,3,,9999,1 spear,62216,40,,,
309161,2710080,5,,9999,1 cup,10205,155,,,
309157,2710080,1,,9999,"1 pickle, any size",64728,30,,,
309160,2710080,4,,9999,1 stacker,63970,21,,,
309162,2710080,6,,9999,Quantity not specified,90000,30,,,
309182,2710087,2,,9999,Quantity not specified,90000,30,,,
309181,2710087,1,,9999,1 pod,61766,11,,,
309186,2710089,1,,9999,1 olive,64727,4,,,
309188,2710089,3,,9999,Quantity not specified,90000,15,,,
309187,2710089,2,,9999,1 cup,10205,135,,,
309189,2710090,1,,9999,1 olive,64727,5,,,
309190,2710090,2,,9999,1 cup,10205,135,,,
309191,2710090,3,,9999,Quantity not specified,90000,15,,,
309195,2710092,1,,9999,1 tablespoon,21000,16,,,
309196,2710092,2,,9999,Quantity not specified,90000,32,,,
309240,2710105,1,,9999,1 cup,10205,245,,,
309241,2710105,2,,9999,Quantity not specified,90000,245,,,
309243,2710106,2,,9999,Quantity not specified,90000,245,,,
309242,2710106,1,,9999,1 cup,10205,245,,,
309249,2710108,2,,9999,1 can,60482,525,,,
309248,2710108,1,,9999,1 cup,10205,245,,,
309250,2710108,3,,9999,1 individual container,60868,440,,,
309251,2710108,4,,9999,Quantity not specified,90000,245,,,
309256,2710110,1,,9999,1 cup,10205,245,,,
309257,2710110,2,,9999,Quantity not specified,90000,245,,,
309267,2710113,2,,9999,Quantity not specified,90000,245,,,
309266,2710113,1,,9999,1 cup,10205,245,,,
309271,2710114,4,,9999,Quantity not specified,90000,245,,,
309268,2710114,1,,9999,1 cup,10205,245,,,
309270,2710114,3,,9999,1 individual container,60868,440,,,
309269,2710114,2,,9999,1 can,60482,525,,,
309272,2710115,1,,9999,1 cup,10205,245,,,
309273,2710115,2,,9999,Quantity not specified,90000,245,,,
