id,fdc_id,nutrient_id,amount,data_points,derivation_id,min,max,median,footnote,min_year_acquired
2219788,321358,1008,229.0,,49,,,,,
2219881,321359,1008,50.0,,49,,,,,
2220034,321360,1008,27.0,,49,,,,,
2221279,321900,1008,32.0,,49,,,,,
2222981,322228,1008,43.0,,49,,,,,
2224702,322559,1008,34.0,,49,,,,,
2226446,322892,1008,60.0,,49,,,,,
2227686,323121,1008,314.0,,49,,,,,
2229572,323505,1008,35.0,,49,,,,,
2230983,324038,1008,29.0,,49,,,,,
2232168,324317,1008,288.0,,49,,,,,
2233050,324653,1008,12.0,,49,,,,,
2235089,325036,1008,421.0,,49,,,,,
2236397,325430,1008,42.0,,49,,,,,
2236792,325524,1008,612.0,,49,,,,,
2237575,325658,1008,322.0,,49,,,,,
2238521,325871,1008,270.0,,49,,,,,
2240073,326135,1008,393.0,,49,,,,,
2241721,326698,1008,61.0,,49,,,,,
2242226,326905,1008,249.0,,49,,,,,
2242732,327046,1008,58.0,,49,,,,,
2243060,327198,1008,34.0,,49,,,,,
2243546,327357,1008,39.0,,49,,,,,
2244386,327699,1008,31.0,,49,,,,,
2244897,327923,1008,17.0,,49,,,,,
2247787,328637,1008,408.0,,49,,,,,
2251279,329370,1008,298.0,,49,,,,,
2253847,330137,1008,61.0,,49,,,,,
2254843,330458,1008,833.0,,49,,,,,
2259100,331897,1008,156.0,,49,,,,,
2259526,331960,1008,166.0,,49,,,,,
2261743,332397,1008,106.0,,49,,,,,
2263143,332791,1008,130.0,,49,,,,,
2268127,334194,1008,90.0,,49,,,,,
2268383,334247,1008,385.0,,49,,,,,
2273116,335240,1008,254.0,,49,,,,,
8515095,746771,1008,47.0,,49,,,,,
8515295,746773,1008,57.0,,49,,,,,
13338563,746775,2047,0,,1,,,,,
8525380,747693,1008,117.0,,49,,,,,
8526271,747997,1008,55.0,,49,,,,,
8530276,748967,1008,148.0,,49,,,,,
9636111,789890,1008,366.0,,49,,,,,
9638716,790646,1008,38.0,,49,,,,,
9639408,790991,1008,97.0,,49,,,,,
13335664,1104647,1008,143.0,,49,,,,,
13337623,1105430,1008,62.0,,49,,,,,
21115510,1750337,2047,38.485,,49,,,,,
21115550,1750347,2047,31.2172,,49,,,,,
21115554,1750352,2047,26.602,,49,,,,,
24474238,2003590,2047,48.3763,,49,,,,,
24474245,2003591,2047,47.225,,49,,,,,
27790257,2257045,2047,19.33,,49,,,,,
27790263,2257046,2047,48.3298,,49,,,,,
27791509,2258586,2047,47.9906,,49,,,,,
27791517,2258588,2047,22.9291,,49,,,,,
27791525,2258590,2047,31.3256,,49,,,,,
27793271,2259792,2047,42.835,,49,,,,,
27793278,2259793,2047,77.9524,,49,,,,,
27793302,2259796,2047,272.884,,49,,,,,
27795961,2262072,2047,631.65,,49,,,,,
27795965,2262073,2047,697.1376,,49,,,,,
27795969,2262074,2047,645.456,,49,,,,,
27795973,2262075,2047,545.084,,49,,,,,
27797251,2263888,2047,57.3375,,49,,,,,
27797256,2263889,2047,63.8563,,49,,,,,
27797261,2263890,2047,85.919,,49,,,,,
27797266,2263891,2047,80.1025,,49,,,,,
27797271,2263892,2047,51.6025,,49,,,,,
28912755,2346384,2047,102.921,,49,,,,,
28912760,2346385,2047,342.794,,49,,,,,
28912765,2346386,2047,343.31,,49,,,,,
28912770,2346387,2047,196.4148,,49,,,,,
28912774,2346388,2047,17.10875,,49,,,,,
28912794,2346393,2047,625.75,,49,,,,,
28912798,2346394,2047,729.556,,49,,,,,
28912802,2346395,2047,750.152,,49,,,,,
28912806,2346396,2047,381.626,,49,,,,,
28912810,2346397,2047,381.248,,49,,,,,
28912814,2346398,2047,60.1113,,49,,,,,
28912819,2346399,2047,70.5425,,49,,,,,
28912824,2346400,2047,39.9998,,49,,,,,
28912829,2346401,2047,83.42,,49,,,,,
28912844,2346404,2047,78.999,,49,,,,,
28912849,2346405,2047,16.6973,,49,,,,,
28912853,2346406,2047,15.9075,,49,,,,,
28912857,2346407,2047,31.4275,,49,,,,,
31222732,2512378,2047,356.135,,49,,,,,
31222736,2512379,2047,375.618,,49,,,,,
31222740,2512380,2047,365.518,,49,,,,,
31222744,2512381,2047,358.705,,49,,,,,
31223364,2514743,2047,184.8648,,49,,,,,
31223368,2514744,2047,242.61,,49,,,,,
31223380,2514747,2047,152.615,,49,,,,,
31224747,2515374,2047,564.664,,49,,,,,
31224755,2515376,2047,588.332,,49,,,,,
31224767,2515379,2047,597.98,,49,,,,,
31224771,2515380,2047,554.602,,49,,,,,
33293995,2644283,2047,360.285,,49,,,,,
33294003,2644285,2047,118.361,,49,,,,,
33294015,2644288,2047,137.22,,49,,,,,
33294019,2644289,2047,126.624,,49,,,,,
33294027,2644291,2047,80.145,,49,,,,,
33294031,2644292,2047,116.57,,49,,,,,
33295319,2646168,2047,167.769,,49,,,,,
33295323,2646169,2047,119.039,,49,,,,,
33295327,2646170,2047,106.034,,49,,,,,
33295331,2646171,2047,144.07,,49,,,,,
33295335,2646172,2047,254.11,,49,,,,,
33829270,2684440,2047,129.984,,49,,,,,
33829276,2684441,2047,197.294,,49,,,,,
33829282,2684442,2047,94.659,,49,,,,,
33829288,2684443,2047,71.4265,,49,,,,,
33829294,2684444,2047,65.9855,,49,,,,,
34660063,2685568,2047,19,,49,,,,,
33831495,2685570,2047,48.1323,,49,,,,,
33831507,2685573,2047,27.5923,,49,,,,,
33831515,2685575,2047,59.485,,49,,,,,
33831519,2685576,2047,44.6205,,49,,,,,
33831524,2685577,2047,26.0848,,49,,,,,
34494199,2710819,2047,517.154,,49,,,,,
34494203,2710820,2047,372.341,,49,,,,,
34494207,2710821,2047,369.164,,49,,,,,
34494211,2710822,2047,30.993,,49,,,,,
34494215,2710823,2047,28.1015,,49,,,,,
34494219,2710824,2047,223.334,,49,,,,,
34494227,2710826,2047,84.55,,49,,,,,
34494236,2710828,2047,367.011,,49,,,,,
34494258,2710833,2047,68.4625,,49,,,,,
34678582,2727570,2047,236.6068,,49,,,,,
34678594,2727573,2047,143.2,,49,,,,,
34678598,2727574,2047,140.144,,49,,,,,
34678602,2727575,2047,138.275,,49,,,,,
34152152,2705630,208,207,,,,,,,
34168727,2705885,208,484,,,,,,,
34173342,2705956,208,161,,,,,,,
34183027,2706105,208,139,,,,,,,
34186992,2706166,208,310,,,,,,,
34191867,2706241,208,126,,,,,,,
34194792,2706286,208,274,,,,,,,
34199797,2706363,208,90,,,,,,,
34251147,2707153,208,176,,,,,,,
34254072,2707198,208,185,,,,,,,
34266942,2707396,208,90,,,,,,,
34268827,2707425,208,115,,,,,,,
34269932,2707442,208,53,,,,,,,
34294697,2707823,208,218,,,,,,,
34294762,2707824,208,306,,,,,,,
34329082,2708352,208,137,,,,,,,
34329407,2708357,208,157,,,,,,,
34330967,2708381,208,64,,,,,,,
34332202,2708400,208,120,,,,,,,
34332397,2708403,208,129,,,,,,,
34332787,2708409,208,123,,,,,,,
34334867,2708441,208,111,,,,,,,
34346112,2708614,208,266,,,,,,,
34384917,2709211,208,240,,,,,,,
34388752,2709270,208,30,,,,,,,
34400972,2709458,208,198,,,,,,,
34446277,2710155,208,743,,,,,,,
34448292,2710186,208,900,,,,,,,
34448422,2710188,208,900,,,,,,,
34449462,2710204,208,680,,,,,,,
34449982,2710212,208,430,,,,,,,
34460577,2710375,208,1,,,,,,,
34461292,2710386,208,43,,,,,,,
34466882,2710472,208,27,,,,,,,
34476242,2710616,208,43,,,,,,,
34480922,2710688,208,85,,,,,,,
34480987,2710689,208,82,,,,,,,
13335662,1104647,1003,6.62,,49,5.31,7.94,6.66,,
13335660,1104647,1004,0.38,6,1,0.3,0.5,0.4,,2020
13335663,1104647,1005,28.2,,49,,,,,
13337621,1105430,1003,0.19,,49,0.12,0.25,0.19,,
13337617,1105430,1004,0.21,8,1,0.1,0.3,0.2,,2020
13337622,1105430,1005,14.8,,49,,,,,
21115508,1750337,1003,3.546875,,49,3.0,4.6875,3.46875,,
21115385,1750337,1004,2.125,8,1,1.86,2.695,2.115,,2020
21115509,1750337,1005,1.293125,,49,,,,,
21115548,1750347,1003,2.890625,,49,2.125,3.5625,2.90625,,
21114797,1750347,1004,0.3708,6,1,0.29,0.445,0.36,,2021
21115549,1750347,1005,4.079375,,49,,,,,
21115552,1750352,1003,2.851875,,49,2.5,3.375,2.6875,,
21114733,1750352,1004,0.6188,8,1,0.54,0.73,0.605,,2020
21115553,1750352,1005,2.406325,,49,,,,,
24474236,2003590,1003,0.0859375,,49,0.0,0.1875,0.125,,
24473988,2003590,1004,0.2863,8,1,0.17,0.64,0.21,,2021
24474237,2003590,1005,11.3639625,,49,,,,,
24474243,2003591,1003,0.734375,,49,0.5625,0.8125,0.75,,
24474016,2003591,1004,0.325,8,1,0.12,0.89,0.235,,2021
24474244,2003591,1005,10.340625,,49,,,,,
27790253,2257045,1003,0.65625,,49,0.4375,1.5,0.53125,,
27790240,2257045,1004,1.558,8,1,1.15,1.98,1.505,,2021
27790254,2257045,1005,0.67075,,49,,,,,
27790259,2257046,1003,0.796875,,49,0.375,1.1875,0.84375,,
27790136,2257046,1004,2.749,8,1,0.22,4.68,2.645,,2021
27790260,2257046,1005,5.100325,,49,,,,,
27791507,2258586,1003,0.94125,,49,0.6875,1.25,0.9375,,
27791386,2258586,1004,0.3506,8,1,0.0,1.79,0.2125,,2021
27791508,2258586,1005,10.26755,,49,,,,,
27791515,2258588,1003,0.715,,49,0.625,0.8125,0.71875,,
27791472,2258588,1004,0.1063,8,1,0.0,0.48,0.0,,2021
27791516,2258588,1005,4.7781,,49,,,,,
27791523,2258590,1003,0.895625,,49,0.625,1.625,0.8125,,
27791429,2258590,1004,0.1256,9,1,0.0,0.33,0.11,,2021
27791524,2258590,1005,6.653175,,49,,,,,
27793267,2259792,1003,3.464978,,49,3.2538,3.7642,3.4133,,
27793176,2259792,1004,1.081,8,1,0.84,1.39,1.1,,2021
27793268,2259792,1005,4.811522,,49,,,,,
27793274,2259793,1003,3.824172,,49,3.1262,5.0402,3.58875,,
27793213,2259793,1004,4.484,8,1,3.66,5.66,4.515,,2021
27793275,2259793,1005,5.574928,,49,,,,,
27793298,2259796,1003,19.70782,,49,16.9708,23.1594,19.44624,,
27793253,2259796,1004,19.08,8,1,14.85,26.98,19.03,,2021
27793299,2259796,1005,5.58318,,49,,,,,
27795959,2262072,1003,23.99124,,49,23.1504,25.3344,23.8602,,
27795898,2262072,1004,49.43,8,1,33.51,54.24,52.04,,2021
27795960,2262072,1005,22.70376,,49,,,,,
27795963,2262073,1003,19.7054,,49,18.073,21.041,19.6895,,
27795953,2262073,1004,62.4,8,1,57.19,66.01,62.73,,2021
27795964,2262073,1005,14.179,,49,,,,,
27795967,2262074,1003,20.78734,,49,15.6436,22.533,21.2898,,
27795789,2262074,1004,53.04,8,1,47.85,58.72,52.9,,2021
27795968,2262074,1005,21.23666,,49,,,,,
27795971,2262075,1003,18.0359,,49,14.204,23.426,17.4105,,
27795842,2262075,1004,37.28,8,1,11.69,42.29,41.44,,2021
27795972,2262075,1005,34.3551,,49,,,,,
27797249,2263888,1003,1.008125,,49,0.75,1.5625,0.9375,,
27797162,2263888,1004,0.1875,8,1,0.0,0.43,0.205,,2021
27797250,2263888,1005,12.904375,,49,,,,,
27797254,2263889,1003,0.703125,,49,0.5,1.0,0.625,,
27797180,2263889,1004,0.3063,8,1,0.18,0.57,0.265,,2021
27797255,2263889,1005,14.571775,,49,,,,,
27797259,2263890,1003,0.914375,,49,0.4375,1.5625,0.875,,
27797112,2263890,1004,0.1638,8,1,0.0,0.31,0.17,,2021
27797260,2263890,1005,20.196825,,49,,,,,
27797264,2263891,1003,0.89875,,49,0.6875,1.375,0.78125,,
27797133,2263891,1004,0.2325,8,1,0.16,0.32,0.245,,2021
27797265,2263891,1005,18.60375,,49,,,,,
27797269,2263892,1003,0.2734375,,49,0.1875,0.4375,0.21875,,
27797209,2263892,1004,0.1625,8,1,0.0,0.24,0.175,,2021
27797270,2263892,1005,12.2615625,,49,,,,,
28912752,2346384,1003,11.62436,,49,9.6976,14.674,11.2288,,
28912422,2346384,1004,4.225,10,1,3.72,4.58,4.19,,2022
28912753,2346384,1005,4.59964,,49,,,,,
28912757,2346385,1003,5.78985,,49,5.2316,6.8904,5.6463,,
28912394,2346385,1004,33.49,8,1,32.14,34.49,33.61,,2022
28912758,2346385,1005,4.55615,,49,,,,,
28912762,2346386,1003,2.017994,,49,1.9778,2.1692,1.9778,,
28912366,2346386,1004,35.56,8,1,32.77,37.4,35.42,,2022
28912763,2346386,1005,3.799506,,49,,,,,
28912767,2346387,1003,3.070694,,49,2.4244,3.9556,2.871,,
28912338,2346387,1004,17.99,8,1,17.21,19.61,17.84,,2022
28912768,2346387,1005,5.555506,,49,,,,,
28912772,2346388,1003,0.7425,,49,0.5,0.875,0.75,,
28912487,2346388,1004,0.07375,8,1,0.0,0.17,0.095,,2022
28912773,2346388,1005,3.36875,,49,,,,,
28912792,2346393,1003,21.45038,,49,19.4768,25.641,21.0308,,
28912599,2346393,1004,51.09,8,1,46.45,54.11,51.63,,2022
28912793,2346393,1005,20.03462,,49,,,,,
28912796,2346394,1003,14.5644,,49,12.932,16.324,14.6015,,
28912561,2346394,1004,69.74,8,1,67.49,71.43,69.8,,2022
28912797,2346394,1005,10.9096,,49,,,,,
28912800,2346395,1003,9.9587,,49,8.745,11.289,9.9375,,
28912523,2346395,1004,73.28,9,1,69.81,75.93,73.63,,2022
28912801,2346395,1005,12.6993,,49,,,,,
28912804,2346396,1003,13.49645,,49,11.8349,14.4584,14.07945,,
28912746,2346396,1004,5.89,8,1,5.4,6.54,5.915,,2022
28912805,2346396,1005,68.65755,,49,,,,,
28912808,2346397,1003,12.51118,,49,9.9693,14.4584,12.73855,,
28912721,2346397,1004,5.8,8,1,5.1,6.58,5.765,,2022
28912809,2346397,1005,69.75082,,49,,,,,
28912812,2346398,1003,0.4609375,,49,0.375,0.5625,0.4375,,
28912693,2346398,1004,0.2113,8,1,0.0,0.43,0.21,,2022
28912813,2346398,1005,14.0914625,,49,,,,,
28912817,2346399,1003,1.039375,,49,0.5625,1.5625,1.0625,,
28912665,2346399,1004,0.1925,8,1,0.0,0.48,0.05,,2022
28912818,2346399,1005,16.163125,,49,,,,,
28912822,2346400,1003,1.96875,,49,1.4375,3.25,1.78125,,
28912071,2346400,1004,0.275,8,1,0.16,0.37,0.305,,2022
28912823,2346400,1005,7.41245,,49,,,,,
28912827,2346401,1003,2.27375,,49,2.0,2.625,2.25,,
28912053,2346401,1004,0.36,8,1,0.0,0.67,0.385,,2022
28912828,2346401,1005,17.77125,,49,,,,,
28912842,2346404,1003,1.578125,,49,0.8125,2.4375,1.5,,
28912150,2346404,1004,0.375,8,1,0.11,0.51,0.435,,2022
28912843,2346404,1005,17.327875,,49,,,,,
28912847,2346405,1003,0.4921875,,49,0.1875,0.625,0.53125,,
28912125,2346405,1004,0.1625,8,1,0.08,0.26,0.15,,2022
28912848,2346405,1005,3.3165125,,49,,,,,
28912851,2346406,1003,0.625,,49,0.5,0.75,0.625,,
28912110,2346406,1004,0.1775,8,1,0.0,0.27,0.195,,2022
28912852,2346406,1005,2.9525,,49,,,,,
28912855,2346407,1003,0.96125,,49,0.5,1.5625,0.9375,,
28912095,2346407,1004,0.2275,8,1,0.1,0.35,0.225,,2022
28912856,2346407,1005,6.38375,,49,,,,,
31222730,2512378,1003,11.06534,,49,9.7361,12.7677,11.077,,
31222620,2512378,1004,3.039,8,1,2.74,3.3,3.05,,2022
31222731,2512378,1005,71.13066,,49,,,,,
31222734,2512379,1003,10.02177,,49,7.7539,11.2519,10.5523,,
31222645,2512379,1004,4.194,8,1,2.17,5.16,4.665,,2022
31222735,2512379,1005,74.44623,,49,,,,,
31222738,2512380,1003,7.25305,,49,6.6045,7.9135,7.16975,,
31222562,2512380,1004,3.306,8,1,2.57,3.73,3.48,,2022
31222739,2512380,1005,76.68795,,49,,,,,
31222742,2512381,1003,7.03885,,49,5.8905,8.33,6.75325,,
31222586,2512381,1004,1.033,8,1,0.72,1.45,1.033,,2022
31222743,2512381,1005,80.31315,,49,,,,,
31223362,2514743,1003,18.15625,,49,17.75,18.6875,17.96875,,
31223301,2514743,1004,12.85,8,1,10.92,14.75,13.37,,2023
31223363,2514743,1005,0,,49,,,,,
31223366,2514744,1003,17.53125,,49,16.6875,18.5,17.5,,
31223343,2514744,1004,19.44,8,1,15.37,26.46,17.85,,2023
31223367,2514744,1005,0,,49,,,,,
31223378,2514747,1003,17.34375,,49,16.5625,18.1875,17.375,,
31223329,2514747,1004,9.591,8,1,7.75,14.58,8.74,,2023
31223379,2514747,1005,0,,49,,,,,
31224745,2515374,1003,17.4423,,49,16.324,19.292,17.172,,
31224704,2515374,1004,38.86,8,1,36.39,42.17,38.6,,2022
31224746,2515374,1005,36.2887,,49,,,,,
31224753,2515376,1003,23.205,,49,21.1848,24.4608,23.3688,,
31224673,2515376,1004,43.28,8,1,38.68,48.52,42.76,,2022
31224754,2515376,1005,26.498,,49,,,,,
31224765,2515379,1003,20.5057,,49,19.345,21.359,20.458,,
31224658,2515379,1004,45.02,8,1,41.44,48.92,44.55,,2022
31224766,2515379,1005,27.6943,,49,,,,,
31224769,2515380,1003,29.9079,,49,28.355,31.058,30.1835,,
31224613,2515380,1004,40.03,8,1,38.52,41.96,40.09,,2022
31224770,2515380,1005,18.6751,,49,,,,,
33293993,2644283,1003,23.56875,,49,22.125,24.375,23.71875,,
33293920,2644283,1004,1.925,8,1,1.77,2.02,1.95,,2023
33293994,2644283,1005,62.17125,,49,,,,,
33294001,2644285,1003,6.9125,,49,6.375,7.375,6.875,,
33293948,2644285,1004,1.273,8,1,0.82,1.63,1.23,,2023
33294002,2644285,1005,19.8135,,49,,,,,
33294013,2644288,1003,7.01875,,49,6.3125,8.0625,6.90625,,
33293787,2644288,1004,3.096,8,1,2.77,3.53,3.045,,2023
33294014,2644288,1005,20.32025,,49,,,,,
33294017,2644289,1003,7.8,,49,7.125,8.5625,7.625,,
33293802,2644289,1004,1.256,8,1,1.06,1.56,1.26,,2023
33294018,2644289,1005,21.03,,49,,,,,
33294025,2644291,1003,4.734375,,49,4.0,5.3125,4.78125,,
33293832,2644291,1004,1.153,8,1,0.97,1.31,1.135,,2023
33294026,2644291,1005,12.707625,,49,,,,,
33294029,2644292,1003,6.69375,,49,6.0625,7.4375,6.75,,
33293847,2644292,1004,1.266,8,1,0.92,1.56,1.28,,2023
33294030,2644292,1005,19.60025,,49,,,,,
33295317,2646168,1003,21.11875,,49,19.3125,22.875,21.0625,,
33295184,2646168,1004,9.469,8,1,5.08,19.43,7.89,,2023
33295318,2646168,1005,0,,49,,,,,
33295321,2646169,1003,21.58125,,49,20.5625,24.125,21.15625,,
33295202,2646169,1004,3.899,8,1,2.35,5.34,3.88,,2023
33295322,2646169,1005,0,,49,,,,,
33295325,2646170,1003,22.525,,49,21.5625,23.375,22.46875,,
33295220,2646170,1004,1.934,8,1,1.31,3.1,1.71,,2023
33295326,2646170,1005,0,,49,,,,,
33295329,2646171,1003,18.6125,,49,17.4375,19.5,18.75,,
33295238,2646171,1004,7.916,8,1,6.31,9.92,7.59,,2023
33295330,2646171,1005,0,,49,,,,,
33295333,2646172,1003,18.74375,,49,16.875,19.6875,19.03125,,
33295256,2646172,1004,20.04,8,1,15.8,28.01,18.13,,2023
33295334,2646172,1005,0,,49,,,,,
33829267,2684440,1003,22.3,,49,21.1875,23.1875,22.40625,,
33829150,2684440,1004,4.936,8,1,3.97,6.41,4.58,,2023
33829268,2684440,1005,0,,49,,,,,
33829273,2684441,1003,20.31875,,49,19.625,21.875,20.09375,,
33829168,2684441,1004,13.11,8,1,10.44,16.04,13.36,,2023
33829274,2684441,1005,0,,49,,,,,
33829279,2684442,1003,19.0,,49,16.6875,20.5,19.6875,,
33829186,2684442,1004,2.479,8,1,1.41,3.74,2.185,,2023
33829280,2684442,1005,0,,49,,,,,
33829285,2684443,1003,15.56875,,49,12.0625,21.25,14.34375,,
33829204,2684443,1004,0.8013,8,1,0.5,1.37,0.75,,2023
33829286,2684443,1005,0.48495,,49,,,,,
33829291,2684444,1003,16.06875,,49,12.0,20.6875,16.34375,,
33829222,2684444,1004,0.6675,8,1,0.49,0.95,0.6,,2023
33829292,2684444,1005,0,,49,,,,,
33831491,2685568,1003,0.984375,,49,0.5625,1.1875,1.0625,,
33831389,2685568,1004,0.205,8,1,0.0,0.42,0.205,,2022
34660065,2685568,1005,3.27,,49,,,,,
33831493,2685570,1003,1.14875,,49,0.625,1.5625,1.09375,,
33831415,2685570,1004,0.1675,8,1,0.0,0.51,0.17,,2023
33831494,2685570,1005,10.50745,,49,,,,,
33831505,2685573,1003,1.640625,,49,1.5,1.75,1.65625,,
33831457,2685573,1004,0.2375,8,1,0.0,0.46,0.265,,2023
33831506,2685573,1005,4.723075,,49,,,,,
33831513,2685575,1003,3.984375,,49,3.1875,4.375,4.15625,,
33831485,2685575,1004,0.565,8,1,0.41,0.8,0.535,,2023
33831514,2685575,1005,9.615625,,49,,,,,
33831517,2685576,1003,1.6875,,49,1.3125,2.375,1.59375,,
33831256,2685576,1004,0.3025,8,1,0.21,0.41,0.275,,2023
33831518,2685576,1005,8.787,,49,,,,,
33831522,2685577,1003,0.851875,,49,0.625,1.0,0.875,,
33831275,2685577,1004,0.12,8,1,0.0,0.37,0.06,,2023
33831523,2685577,1005,5.399325,,49,,,,,
34152149,2705630,1003,3.5,,,,,,,
34152150,2705630,1004,11,,,,,,,
34152151,2705630,1005,23.6,,,,,,,
34168724,2705885,1003,37.41,,,,,,,
34168725,2705885,1004,35.8,,,,,,,
34168726,2705885,1005,1.9,,,,,,,
34173339,2705956,1003,30.22,,,,,,,
34173340,2705956,1004,3.52,,,,,,,
34173341,2705956,1005,0,,,,,,,
34183024,2706105,1003,28.81,,,,,,,
34183025,2706105,1004,2.06,,,,,,,
34183026,2706105,1005,0,,,,,,,
34186989,2706166,1003,11.7,,,,,,,
34186990,2706166,1004,28,,,,,,,
34186991,2706166,1005,2.89,,,,,,,
34191864,2706241,1003,18.98,,,,,,,
34191865,2706241,1004,5.04,,,,,,,
34191866,2706241,1005,0.01,,,,,,,
34194789,2706286,1003,25.4,,,,,,,
34194790,2706286,1004,18.4,,,,,,,
34194791,2706286,1005,0.01,,,,,,,
34199794,2706363,1003,17.19,,,,,,,
34199795,2706363,1004,1.28,,,,,,,
34199796,2706363,1005,1.15,,,,,,,
34251144,2707153,1003,11.84,,,,,,,
34251145,2707153,1004,13.86,,,,,,,
34251146,2707153,1005,0.92,,,,,,,
34254069,2707198,1003,11.58,,,,,,,
34254070,2707198,1004,15,,,,,,,
34254071,2707198,1005,0.91,,,,,,,
34266939,2707396,1003,4.98,,,,,,,
34266940,2707396,1004,2.01,,,,,,,
34266941,2707396,1005,13.55,,,,,,,
34268824,2707425,1003,8.97,,,,,,,
34268825,2707425,1004,0.38,,,,,,,
34268826,2707425,1005,20.01,,,,,,,
34269929,2707442,1003,8.14,,,,,,,
34269930,2707442,1004,0.57,,,,,,,
34269931,2707442,1005,4.93,,,,,,,
34294694,2707823,1003,5.7,,,,,,,
34294695,2707823,1004,2.85,,,,,,,
34294696,2707823,1005,44.64,,,,,,,
34294759,2707824,1003,8.2,,,,,,,
34294760,2707824,1004,7.99,,,,,,,
34294761,2707824,1005,49.38,,,,,,,
34329079,2708352,1003,4.51,,,,,,,
34329080,2708352,1004,2.06,,,,,,,
34329081,2708352,1005,25.01,,,,,,,
34329404,2708357,1003,5.76,,,,,,,
34329405,2708357,1004,0.92,,,,,,,
34329406,2708357,1005,30.68,,,,,,,
34330964,2708381,1003,2.21,,,,,,,
34330965,2708381,1004,1.09,,,,,,,
34330966,2708381,1005,11.36,,,,,,,
34332199,2708400,1003,4.38,,,,,,,
34332200,2708400,1004,1.91,,,,,,,
34332201,2708400,1005,21.21,,,,,,,
34332394,2708403,1003,2.67,,,,,,,
34332395,2708403,1004,0.28,,,,,,,
34332396,2708403,1005,27.99,,,,,,,
34332784,2708409,1003,2.44,,,,,,,
34332785,2708409,1004,1.11,,,,,,,
34332786,2708409,1005,25.76,,,,,,,
34334864,2708441,1003,3.77,,,,,,,
34334865,2708441,1004,0.16,,,,,,,
34334866,2708441,1005,23.11,,,,,,,
34346109,2708614,1003,11.39,,,,,,,
34346110,2708614,1004,9.69,,,,,,,
34346111,2708614,1005,33.33,,,,,,,
34384914,2709211,1003,2.18,,,,,,,
34384915,2709211,1004,0.38,,,,,,,
34384916,2709211,1005,63.88,,,,,,,
34388749,2709270,1003,0.61,,,,,,,
34388750,2709270,1004,0.15,,,,,,,
34388751,2709270,1005,7.55,,,,,,,
34400969,2709458,1003,1.93,,,,,,,
34400970,2709458,1004,13.1,,,,,,,
34400971,2709458,1005,18.5,,,,,,,
34446274,2710155,1003,0.85,,,,,,,
34446275,2710155,1004,82.2,,,,,,,
34446276,2710155,1005,0.06,,,,,,,
34448289,2710186,1003,0,,,,,,,
34448290,2710186,1004,100,,,,,,,
34448291,2710186,1005,0,,,,,,,
34448419,2710188,1003,0,,,,,,,
34448420,2710188,1004,100,,,,,,,
34448421,2710188,1005,0,,,,,,,
34449459,2710204,1003,0.96,,,,,,,
34449460,2710204,1004,74.85,,,,,,,
34449461,2710204,1005,0.57,,,,,,,
34449979,2710212,1003,1.32,,,,,,,
34449980,2710212,1004,44.54,,,,,,,
34449981,2710212,1005,5.9,,,,,,,
34460574,2710375,1003,0.12,,,,,,,
34460575,2710375,1004,0.02,,,,,,,
34460576,2710375,1005,0,,,,,,,
34461289,2710386,1003,2.81,,,,,,,
34461290,2710386,1004,1.61,,,,,,,
34461291,2710386,1005,4.35,,,,,,,
34466879,2710472,1003,1.71,,,,,,,
34466880,2710472,1004,0.99,,,,,,,
34466881,2710472,1005,2.75,,,,,,,
34476239,2710616,1003,0.46,,,,,,,
34476240,2710616,1004,0,,,,,,,
34476241,2710616,1005,3.55,,,,,,,
34480919,2710688,1003,0.07,,,,,,,
34480920,2710688,1004,0,,,,,,,
34480921,2710688,1005,2.61,,,,,,,
34480984,2710689,1003,0.07,,,,,,,
34480985,2710689,1004,0,,,,,,,
34480986,2710689,1005,2.6,,,,,,,
34494197,2710819,1003,17.013,,49,15.529,18.179,16.96,,
34493807,2710819,1004,32.89,8,1,31.5,34.33,32.74,,2023
34494198,2710819,1005,38.273,,49,,,,,
34494201,2710820,1003,11.75625,,49,9.625,12.875,12.46875,,
34493867,2710820,1004,2.421,8,1,2.11,2.79,2.37,,2023
34494202,2710820,1005,75.88175,,49,,,,,
34494205,2710821,1003,12.7875,,49,12.0,14.25,12.75,,
34493848,2710821,1004,1.704,8,1,1.59,2.03,1.685,,2023
34494206,2710821,1005,75.6695,,49,,,,,
34494209,2710822,1003,1.64875,,49,0.25,3.25,1.4375,,
34493906,2710822,1004,0.325,8,1,0.0,0.52,0.36,,2024
34494210,2710822,1005,5.36825,,49,,,,,
34494213,2710823,1003,1.4375,,49,0.25,2.625,1.40625,,
34493887,2710823,1004,0.2163,8,1,0.0,0.39,0.235,,2024
34494214,2710823,1005,5.1012,,49,,,,,
34494217,2710824,1003,1.8125,,49,1.5,2.0,1.84375,,
34493627,2710824,1004,20.31,8,1,18.76,21.83,20.09,,2024
34494218,2710824,1005,8.3235,,49,,,,,
34494225,2710826,1003,2.789375,,49,2.4375,3.125,2.78125,,
34493668,2710826,1004,1.626,8,1,1.32,1.87,1.615,,2024
34494226,2710826,1005,14.689625,,49,,,,,
34494234,2710828,1003,12.63944,,49,10.7272,18.4228,11.8349,,
34493705,2710828,1004,3.103,8,1,2.77,3.92,2.965,,2023
34494235,2710828,1005,72.13156,,49,,,,,
34494256,2710833,1003,0.5625,,49,0.4375,0.6875,0.5625,,
34494002,2710833,1004,0.5725,8,1,0.27,0.71,0.6,,2024
34494257,2710833,1005,15.265,,49,,,,,
34678580,2727570,1003,17.4625,,49,16.26875,18.30625,17.45,,
34678503,2727570,1004,18.64,6,1,15.37,22.3,18.9,,2024
34678581,2727570,1005,-0.2508,,49,,,,,
34678592,2727573,1003,21.09375,,49,20.6125,21.8375,21.19375,,
34678517,2727573,1004,6.456,8,1,3.83,10.35,6.275,,2024
34678593,2727573,1005,0.18025,,49,,,,,
34678596,2727574,1003,21.975,,49,20.4125,23.04375,21.95,,
34678559,2727574,1004,5.708,8,1,1.83,10.95,5.775,,2024
34678597,2727574,1005,0.218,,49,,,,,
34678600,2727575,1003,22.8125,,49,21.24375,23.5875,22.90625,,
34678545,2727575,1004,5.475,8,1,3.62,8.06,5.47,,2024
34678601,2727575,1005,-0.5625,,49,,,,,
2219740,321358,1003,7.35,,49,6.2,8.05,7.79,,
2219786,321358,1004,17.1,11,1,11.9,19.1,18.2,,2015
2219787,321358,1005,14.9,,49,,,,,
2219829,321359,1003,3.35,,49,3.0,3.7,3.32,,
2219914,321359,1004,1.9,24,1,1.68,2.06,1.92,,2018
2219880,321359,1005,4.91,,49,,,,,
2220031,321360,1003,0.83,,49,0.75,0.94,0.81,,
2219986,321360,1004,0.63,6,1,0.46,0.82,0.64,,2016
2220032,321360,1005,5.51,,49,,,,,
2221316,321900,1003,2.57,,49,1.54,3.55,2.57,,
2221296,321900,1004,0.34,8,1,0.23,0.41,0.34,,2001
2221278,321900,1005,6.29,,49,,,,,
2222953,322228,1003,3.38,,49,3.06,4.02,3.38,,
2222962,322228,1004,0.95,24,1,0.72,1.19,0.94,,2018
2222980,322228,1005,5.19,,49,,,,,
2224695,322559,1003,3.43,,49,3.0,4.15,3.41,,
2224691,322559,1004,0.08,24,1,0.03,0.16,0.08,,2018
2224701,322559,1005,4.89,,49,,,,,
2226468,322892,1003,3.28,,49,2.93,3.51,3.25,,
2226423,322892,1004,3.2,24,1,2.59,3.41,3.21,,2018
2226445,322892,1005,4.67,,49,,,,,
2227751,323121,1003,11.7,,49,10.7,12.4,11.8,,
2227684,323121,1004,28.0,17,1,25.8,31.3,27.4,,2015
2227685,323121,1005,2.89,,49,,,,,
2229550,323505,1003,2.92,,49,2.25,3.81,3.06,,
2229570,323505,1004,1.49,5,1,1.43,1.56,1.49,,2015
2229571,323505,1005,4.42,,49,,,,,
2230974,324038,1003,1.44,,49,1.09,1.86,1.4,,
2230984,324038,1004,0.19,24,1,0.1,0.3,0.2,,2011
2230975,324038,1005,6.74,,49,,,,,
2232241,324317,1003,4.52,,49,3.1,5.52,4.25,,
2232166,324317,1004,14.4,11,1,12.6,15.8,14.8,,2012
2232167,324317,1005,36.3,,49,,,,,
2233036,324653,1003,0.48,,49,0.31,0.75,0.5,,
2233034,324653,1004,0.43,36,1,0.0,0.9,0.36,,2013
2233035,324653,1005,1.99,,49,,,,,
2235128,325036,1003,29.6,,49,11.0,35.4,34.1,,
2235087,325036,1004,28.0,12,1,22.3,35.2,28.5,,2013
2235088,325036,1005,12.4,,49,,,,,
2236428,325430,1003,0.91,,49,0.82,0.98,0.93,,
2236433,325430,1004,0.27,8,1,0.07,0.51,0.25,,2001
2236396,325430,1005,10.1,,49,,,,,
2236810,325524,1003,21.0,,49,20.1,22.8,20.8,,
2236790,325524,1004,56.1,6,1,53.5,58.3,56.1,,2015
2236791,325524,1005,17.1,,49,,,,,
2237619,325658,1003,18.2,,49,15.0,22.1,18.1,,
2237573,325658,1004,26.2,11,1,19.1,30.4,26.8,,2016
2237574,325658,1005,2.15,,49,,,,,
2238528,325871,1003,9.43,,49,7.31,12.3,9.22,,
2238519,325871,1004,3.59,16,1,2.3,5.4,3.3,,2010
2238520,325871,1005,49.2,,49,,,,,
2240131,326135,1003,27.0,,49,25.7,28.3,27.0,,
2240071,326135,1004,31.0,12,1,29.6,32.1,30.9,,2013
2240072,326135,1005,1.44,,49,,,,,
2241684,326698,1003,4.25,,49,3.94,4.87,4.19,,
2241719,326698,1004,3.38,15,1,2.67,4.11,3.25,,2003
2241720,326698,1005,5.3,,49,,,,,
2242227,326905,1003,3.3,,49,2.42,4.22,3.17,,
2242263,326905,1004,0.92,8,1,0.59,1.3,0.91,,2001
2242225,326905,1005,63.9,,49,,,,,
2242728,327046,1003,1.06,,49,0.8,1.32,1.01,,
2242664,327046,1004,0.44,8,1,0.11,1.09,0.3,,2001
2242730,327046,1005,14.0,,49,,,,,
2243089,327198,1003,0.82,,49,0.63,1.0,0.81,,
2243105,327198,1004,0.18,7,1,0.01,0.32,0.18,,2000
2243059,327198,1005,8.16,,49,,,,,
2243584,327357,1003,1.06,,49,0.82,1.26,1.1,,
2243547,327357,1004,0.28,8,1,0.01,0.7,0.2,,2000
2243545,327357,1005,9.18,,49,,,,,
2244375,327699,1003,0.64,,49,0.52,0.78,0.64,,
2244371,327699,1004,0.22,8,1,0.01,0.32,0.25,,2000
2244385,327699,1005,7.63,,49,,,,,
2244936,327923,1003,1.24,,49,1.02,1.47,1.25,,
2244901,327923,1004,0.26,8,1,0.16,0.34,0.27,,2001
2244896,327923,1005,3.24,,49,,,,,
2247800,328637,1003,23.3,,49,21.5,25.6,23.1,,
2247826,328637,1004,34.0,44,1,32.1,37.6,33.6,,2013
2247786,328637,1005,2.44,,49,,,,,
2251263,329370,1003,23.7,,49,20.9,25.6,24.0,,
2251277,329370,1004,20.4,38,1,17.8,21.8,20.4,,2013
2251278,329370,1005,4.44,,49,,,,,
2253784,330137,1003,10.3,,49,6.89,12.2,10.4,,
2253845,330137,1004,0.37,18,1,0.23,0.61,0.34,,2012
2253846,330137,1005,3.64,,49,,,,,
2254832,330458,1003,0.0,,49,0.0,0.0,0.0,,
2254841,330458,1004,99.1,6,1,98.6,99.4,99.1,,2014
2254870,330458,1005,0.84,,49,,,,,
2259079,331897,1003,23.9,,49,23.0,24.6,24.1,,
2259098,331897,1004,5.95,6,1,5.54,6.33,5.93,,2010
2259099,331897,1005,0.0,,49,,,,,
2259565,331960,1003,32.1,,49,31.3,32.9,32.1,,
2259524,331960,1004,3.24,6,1,2.17,3.99,3.26,,2012
2259525,331960,1005,0.0,,49,,,,,
2261732,332397,1003,16.7,,49,15.1,18.1,16.8,,
2261741,332397,1004,3.73,11,1,3.02,4.66,3.62,,2015
2261742,332397,1005,0.27,,49,,,,,
2263121,332791,1003,1.15,,49,0.99,1.26,1.17,,
2263039,332791,1004,12.9,13,1,11.1,14.8,12.6,,2015
2263141,332791,1005,4.96,,49,,,,,
2268170,334194,1003,19.0,,49,16.0,21.0,18.9,,
2268126,334194,1004,0.94,42,1,0.6,1.27,0.9,,2011
2268179,334194,1005,0.08,,49,,,,,
2268373,334247,1003,0.0,,49,0.0,0.0,0.0,,
2268382,334247,1004,0.32,8,1,0.11,0.55,0.32,,2006
2268391,334247,1005,99.6,,49,,,,,
2273153,335240,1003,12.3,,49,11.3,13.6,12.1,,
2273114,335240,1004,3.55,10,1,3.15,4.0,3.54,,2012
2273115,335240,1005,43.1,,49,,,,,
8515054,746771,1003,0.91,,49,0.67,1.07,0.93,,
8515073,746771,1004,0.15,8,1,0.05,0.31,0.13,,2001
8515094,746771,1005,11.8,,49,,,,,
8515260,746773,1003,0.38,,49,0.22,0.54,0.38,,
8515293,746773,1004,0.16,6,1,0.07,0.3,0.14,,2000
8515294,746773,1005,15.1,,49,,,,,
8525378,747693,1003,1.11,,49,0.81,1.61,1.06,,
8525366,747693,1004,0.55,46,1,0.0,1.54,0.3,,2017
8525379,747693,1005,26.8,,49,,,,,
8526265,747997,1003,10.7,,49,9.5,12.3,10.6,,
8526268,747997,1004,0.0,24,1,0.0,0.0,0.0,,2019
8526272,747997,1005,2.36,,49,,,,,
8530288,748967,1003,12.4,,49,11.6,13.2,12.4,,
8530310,748967,1004,9.96,24,1,8.31,11.7,9.87,,2019
8530321,748967,1005,0.96,,49,,,,,
9636105,789890,1003,10.9,,49,8.7,11.8,11.3,,
9636109,789890,1004,1.48,6,1,1.2,1.8,1.5,,2020
9636110,789890,1005,77.3,,49,,,,,
9638710,790646,1003,0.83,6,1,0.7,0.93,0.86,,2019
9638712,790646,1004,0.05,6,1,0.0,0.2,0.0,,2019
9638715,790646,1005,8.61,,4,,,,,
9639423,790991,1003,0.74,,49,0.69,0.81,0.75,,
9639429,790991,1004,0.29,12,1,0.0,0.72,0.14,,2019
9639407,790991,1005,23.0,,49,,,,,
34678603,746775,1003,0,,1,,,,"0 g/100 g per USDA FDC 746775 (table salt, sodium chloride)",
34678604,746775,1004,0,,1,,,,"0 g/100 g per USDA FDC 746775 (table salt, sodium chloride)",
34678605,746775,1005,0,,1,,,,"0 g/100 g per USDA FDC 746775 (table salt, sodium chloride)",
